,"x(Wd,We)","y(Wd,We)","theta(Wd,We)",Wd,We
0.0,0.0,1.4,0.0,0.0,0.0
0.07,0.0,1.4,0.0,0.0,0.0
0.14,0.0,1.4,0.0,0.0,0.0
0.21,0.0,1.4,0.0,0.0,0.0
0.28,0.0,1.4,0.0,0.0,0.0
0.35,0.0,1.4,0.0,0.03,0.0
0.42,0.0,1.4,0.0,0.03,0.0
0.49,0.0,1.4,0.01,0.45,0.0
0.56,0.0,1.4,0.02,0.47,0.0
0.63,0.0,1.4,0.02,0.17,0.03
0.7,0.0,1.4,0.02,0.0,0.0
0.77,0.0,1.4,0.02,0.08,0.0
0.84,0.0,1.4,0.03,0.25,0.0
0.91,0.0,1.4,0.02,0.61,1.06
0.98,0.01,1.4,0.02,1.45,1.62
1.05,0.01,1.4,0.02,2.23,2.12
1.12,0.02,1.4,0.02,2.93,2.59
1.19,0.03,1.4,0.03,2.87,2.76
1.26,0.03,1.4,0.02,2.65,2.76
1.33,0.04,1.4,0.02,2.37,2.65
1.4,0.04,1.4,0.02,2.37,2.51
1.47,0.05,1.4,0.01,2.09,2.23
1.54,0.05,1.4,0.02,2.09,1.98
1.61,0.06,1.4,0.02,2.17,1.92
1.68,0.06,1.4,0.02,1.98,2.01
1.75,0.07,1.4,0.02,2.17,2.12
1.82,0.07,1.4,0.02,1.98,2.17
1.89,0.08,1.4,0.02,2.23,2.2
1.96,0.08,1.4,0.02,2.29,2.34
2.03,0.09,1.4,0.02,2.2,2.31
2.1,0.1,1.4,0.01,2.31,2.42
2.17,0.1,1.4,0.01,2.23,2.4
2.24,0.11,1.4,0.01,2.37,2.31
2.31,0.11,1.4,0.01,2.51,2.37
2.38,0.12,1.4,0.01,2.4,2.54
2.45,0.12,1.4,0.01,2.45,2.45
2.52,0.13,1.4,0.01,2.48,2.4
2.59,0.14,1.4,0.01,2.03,2.4
2.66,0.14,1.4,0.0,1.9,2.17
2.73,0.15,1.4,-0.01,1.92,2.2
2.8,0.15,1.4,-0.01,2.12,2.23
2.87,0.16,1.4,-0.0,2.37,2.2
2.94,0.16,1.4,-0.0,2.56,2.4
3.01,0.17,1.4,0.0,2.59,2.29
3.08,0.17,1.4,0.01,2.51,2.31
3.15,0.18,1.4,0.01,2.23,2.4
3.22,0.18,1.4,0.01,2.26,2.15
3.29,0.19,1.4,0.01,2.31,2.06
3.36,0.19,1.4,0.01,2.12,2.06
3.43,0.2,1.4,0.02,2.37,2.2
3.5,0.21,1.4,0.02,2.31,2.31
3.57,0.21,1.4,0.02,2.45,2.29
3.64,0.22,1.4,0.02,2.54,2.37
3.71,0.22,1.4,0.02,2.31,2.37
3.78,0.23,1.4,0.02,2.29,2.34
3.85,0.23,1.4,0.02,2.42,2.31
3.92,0.24,1.4,0.02,2.12,2.2
3.99,0.24,1.4,0.02,2.06,2.23
4.06,0.25,1.4,0.01,2.12,2.45
4.13,0.25,1.4,0.01,2.03,2.37
4.2,0.26,1.4,0.01,2.31,2.29
4.27,0.27,1.4,0.0,2.17,2.26
4.34,0.27,1.4,0.01,2.29,2.12
4.41,0.28,1.4,0.01,2.37,2.12
4.48,0.28,1.4,0.01,2.2,2.23
4.55,0.29,1.4,0.01,2.2,2.12
4.62,0.29,1.4,0.01,2.09,2.34
4.69,0.3,1.4,0.01,2.03,2.17
4.76,0.3,1.4,0.0,2.17,2.31
4.83,0.31,1.4,-0.0,1.98,2.37
4.9,0.31,1.4,-0.0,2.45,2.34
4.97,0.32,1.4,-0.0,2.56,2.51
5.04,0.33,1.4,-0.0,2.68,2.76
5.11,0.33,1.4,0.0,2.81,2.62
5.18,0.34,1.4,0.0,2.7,2.56
5.25,0.34,1.4,-0.0,2.26,2.59
5.32,0.35,1.4,-0.01,1.87,2.37
5.39,0.35,1.4,-0.02,1.92,2.15
5.46,0.36,1.4,-0.02,2.2,2.26
5.53,0.36,1.4,-0.01,2.31,2.09
5.6,0.37,1.4,-0.01,2.45,2.26
5.67,0.38,1.4,-0.01,2.51,2.34
5.74,0.38,1.4,-0.0,2.48,2.17
5.81,0.39,1.4,-0.0,2.34,2.37
5.88,0.39,1.4,0.0,2.34,2.23
5.95,0.4,1.4,0.01,2.42,2.12
6.02,0.4,1.4,0.01,2.2,2.29
6.09,0.41,1.4,0.01,2.48,2.29
6.16,0.41,1.4,0.01,2.54,2.34
6.23,0.42,1.4,0.01,2.37,2.48
6.3,0.43,1.4,0.01,2.51,2.31
6.37,0.43,1.4,0.02,2.45,2.34
6.44,0.44,1.4,0.02,2.31,2.34
6.51,0.44,1.4,0.02,2.23,2.26
6.58,0.45,1.4,0.01,2.17,2.34
6.65,0.45,1.4,0.0,1.95,2.34
6.72,0.46,1.4,-0.0,2.17,2.45
6.79,0.46,1.4,-0.01,2.15,2.45
6.86,0.47,1.4,-0.01,2.4,2.37
6.93,0.48,1.4,0.0,2.48,2.06
7.0,0.48,1.4,0.01,2.34,2.15
7.07,0.49,1.4,0.01,2.28,2.15
7.14,0.49,1.4,0.01,2.15,2.29
7.21,0.5,1.4,0.0,2.06,2.34
7.28,0.5,1.4,0.0,2.31,2.26
7.35,0.51,1.4,-0.0,2.26,2.4
7.42,0.51,1.4,-0.0,2.29,2.43
7.49,0.52,1.4,0.0,2.51,2.29
7.56,0.52,1.4,-0.0,2.45,2.51
7.63,0.53,1.4,-0.0,2.4,2.48
7.7,0.54,1.4,-0.0,2.42,2.48
7.77,0.54,1.4,-0.0,2.42,2.51
7.84,0.55,1.4,-0.01,2.34,2.4
7.91,0.55,1.4,-0.01,2.2,2.26
7.98,0.56,1.4,-0.02,1.87,2.4
8.05,0.56,1.4,-0.02,2.12,2.29
8.12,0.57,1.4,-0.02,2.17,2.34
8.19,0.57,1.4,-0.02,2.45,2.4
8.26,0.58,1.4,-0.02,2.45,2.23
8.33,0.59,1.4,-0.02,2.34,2.2
8.4,0.59,1.4,-0.01,2.15,2.06
8.47,0.6,1.4,-0.01,2.03,1.95
8.54,0.6,1.4,-0.01,2.12,2.09
8.61,0.61,1.4,-0.01,2.29,2.01
8.68,0.61,1.4,-0.0,2.34,2.26
8.75,0.62,1.4,-0.0,2.54,2.37
8.82,0.62,1.4,0.0,2.7,2.48
8.89,0.63,1.4,0.0,2.59,2.54
8.96,0.64,1.4,0.01,2.59,2.51
9.03,0.64,1.4,0.01,2.56,2.4
9.1,0.65,1.4,0.01,2.37,2.4
9.17,0.65,1.4,0.0,2.12,2.29
9.24,0.66,1.4,0.0,2.2,2.37
9.31,0.66,1.4,-0.01,2.03,2.65
9.38,0.67,1.4,-0.02,2.23,2.59
9.45,0.67,1.4,-0.02,2.34,2.29
9.52,0.68,1.4,-0.01,2.4,2.17
9.59,0.68,1.4,-0.01,2.29,2.06
9.66,0.69,1.4,-0.0,2.23,1.92
9.73,0.69,1.4,-0.0,2.03,2.15
9.8,0.7,1.4,0.0,2.23,2.01
9.87,0.71,1.4,-0.0,2.15,2.29
9.94,0.71,1.4,0.0,2.34,2.2
10.01,0.72,1.4,0.0,2.4,2.37
10.08,0.72,1.4,-0.0,2.31,2.48
10.15,0.73,1.4,-0.0,2.45,2.37
10.22,0.73,1.4,0.0,2.48,2.45
10.29,0.74,1.4,-0.0,2.37,2.62
10.36,0.75,1.4,-0.0,2.56,2.45
10.43,0.75,1.4,-0.0,2.45,2.37
10.5,0.76,1.4,-0.0,2.29,2.42
10.57,0.76,1.4,-0.01,2.09,2.2
10.64,0.77,1.4,-0.01,1.9,2.26
10.71,0.77,1.4,-0.02,2.2,2.4
10.78,0.78,1.4,-0.02,2.31,2.31
10.85,0.78,1.4,-0.02,2.42,2.37
10.92,0.79,1.4,-0.01,2.45,2.17
10.99,0.79,1.4,-0.0,2.4,2.12
11.06,0.8,1.4,-0.01,2.12,2.23
11.13,0.8,1.4,-0.0,2.29,2.03
11.2,0.81,1.4,-0.0,2.26,2.23
11.27,0.82,1.4,0.0,2.34,2.26
11.34,0.82,1.4,0.0,2.56,2.34
11.41,0.83,1.4,0.01,2.65,2.54
11.48,0.83,1.4,0.01,2.59,2.51
11.55,0.84,1.4,0.01,2.68,2.45
11.62,0.85,1.4,0.01,2.42,2.42
11.69,0.85,1.4,0.01,2.23,2.37
11.76,0.86,1.4,0.01,2.31,2.23
11.83,0.86,1.4,0.01,2.03,2.26
11.9,0.87,1.4,0.0,2.06,2.31
11.97,0.87,1.4,-0.0,2.29,2.43
12.04,0.88,1.4,-0.01,2.2,2.56
12.11,0.88,1.4,-0.0,2.37,2.23
12.18,0.89,1.4,-0.0,2.31,2.17
12.25,0.89,1.4,-0.0,2.12,2.26
12.32,0.9,1.4,-0.0,2.17,2.03
12.39,0.9,1.4,-0.0,2.06,2.2
12.46,0.91,1.4,-0.0,2.26,2.2
12.53,0.91,1.4,0.0,2.31,2.12
12.6,0.92,1.4,-0.0,2.31,2.43
12.67,0.93,1.4,-0.0,2.34,2.45
12.74,0.93,1.4,-0.01,2.34,2.45
12.81,0.94,1.4,-0.01,2.42,2.59
12.88,0.94,1.4,-0.01,2.42,2.45
12.95,0.95,1.4,-0.01,2.48,2.51
13.02,0.96,1.4,-0.01,2.45,2.43
13.09,0.96,1.4,-0.01,2.42,2.31
13.16,0.97,1.4,-0.01,2.15,2.26
13.23,0.97,1.4,-0.02,1.78,2.29
13.3,0.98,1.4,-0.02,1.84,2.09
13.37,0.98,1.4,-0.02,2.31,2.26
13.44,0.99,1.4,-0.02,2.45,2.2
13.51,0.99,1.4,-0.01,2.45,2.23
13.58,1.0,1.4,-0.01,2.34,2.23
13.65,1.0,1.4,-0.01,2.29,2.03
13.72,1.01,1.4,-0.01,2.12,2.12
13.79,1.01,1.4,-0.01,2.17,2.06
13.86,1.02,1.4,-0.0,2.23,2.03
13.93,1.02,1.4,-0.0,2.29,2.26
14.0,1.03,1.4,0.01,2.65,2.23
14.07,1.04,1.4,0.01,2.65,2.45
14.14,1.04,1.4,0.01,2.56,2.51
14.21,1.05,1.4,0.02,2.59,2.4
14.28,1.05,1.4,0.02,2.51,2.37
14.35,1.06,1.4,0.02,2.23,2.34
14.42,1.06,1.4,0.02,2.2,2.15
14.49,1.07,1.4,0.02,2.12,2.15
14.56,1.07,1.4,0.01,1.95,2.09
14.63,1.08,1.4,0.01,2.2,2.37
14.7,1.08,1.4,0.0,2.01,2.4
14.77,1.09,1.4,0.0,2.23,2.15
14.84,1.09,1.4,0.0,2.09,2.09
14.91,1.1,1.4,0.0,2.09,2.09
14.98,1.1,1.4,0.01,2.29,2.03
15.05,1.11,1.4,0.01,2.03,2.23
15.12,1.12,1.4,0.01,2.31,2.09
15.19,1.12,1.4,0.01,2.15,2.26
15.26,1.13,1.4,0.01,2.34,2.29
15.33,1.13,1.4,0.01,2.48,2.4
15.4,1.14,1.4,0.01,2.31,2.45
15.47,1.14,1.4,0.01,2.42,2.26
15.54,1.15,1.4,0.01,2.48,2.45
15.61,1.15,1.4,0.01,2.26,2.51
15.68,1.16,1.4,0.0,2.45,2.59
15.75,1.17,1.4,0.01,2.48,2.4
15.82,1.17,1.4,0.0,2.23,2.42
15.89,1.18,1.4,-0.0,1.98,2.17
15.96,1.18,1.4,-0.01,1.92,2.23
16.03,1.19,1.4,-0.01,2.09,2.4
16.1,1.19,1.4,-0.01,2.26,2.23
16.17,1.2,1.4,-0.01,2.45,2.34
16.24,1.2,1.4,-0.01,2.45,2.17
16.31,1.21,1.4,-0.0,2.42,2.29
16.38,1.21,1.4,-0.01,2.2,2.37
16.45,1.22,1.4,-0.0,2.29,2.15
16.52,1.23,1.4,-0.0,2.23,2.17
16.59,1.23,1.4,-0.0,2.29,2.31
16.66,1.24,1.4,0.0,2.56,2.29
16.73,1.24,1.4,0.01,2.59,2.45
16.8,1.25,1.4,0.01,2.56,2.45
16.87,1.25,1.4,0.01,2.62,2.37
16.94,1.26,1.4,0.01,2.42,2.37
17.01,1.27,1.4,0.01,2.23,2.37
17.08,1.27,1.4,0.01,2.29,2.23
17.15,1.28,1.4,0.01,2.23,2.31
17.22,1.28,1.4,0.0,2.03,2.37
17.29,1.29,1.4,-0.0,2.2,2.48
17.36,1.29,1.4,-0.01,2.12,2.48
17.43,1.3,1.4,-0.01,2.26,2.29
17.5,1.3,1.4,-0.01,2.15,2.03
17.57,1.31,1.4,-0.01,2.12,2.2
17.64,1.31,1.4,-0.0,2.26,1.98
17.71,1.32,1.4,-0.0,2.15,2.2
17.78,1.32,1.4,-0.0,2.2,2.15
17.85,1.33,1.4,-0.0,2.26,2.15
17.92,1.33,1.4,-0.0,2.2,2.37
17.99,1.34,1.4,-0.01,2.34,2.4
18.06,1.35,1.4,-0.01,2.37,2.45
18.13,1.35,1.4,-0.01,2.42,2.56
18.2,1.36,1.4,-0.01,2.48,2.4
18.27,1.36,1.4,-0.01,2.37,2.45
18.34,1.37,1.4,-0.01,2.45,2.4
18.41,1.37,1.4,-0.0,2.48,2.23
18.48,1.38,1.4,-0.01,2.23,2.34
18.55,1.39,1.4,-0.01,1.95,2.34
18.62,1.39,1.4,-0.02,2.03,2.23
18.69,1.4,1.4,-0.02,2.37,2.4
18.76,1.4,1.4,-0.01,2.54,2.29
18.83,1.41,1.4,-0.01,2.48,2.23
18.9,1.41,1.4,-0.01,2.34,2.29
18.97,1.42,1.4,-0.0,2.34,2.12
19.04,1.42,1.4,-0.0,2.2,2.17
19.11,1.43,1.4,-0.0,2.23,2.17
19.18,1.43,1.4,0.0,2.4,2.12
19.25,1.44,1.4,0.0,2.29,2.34
19.32,1.45,1.4,0.01,2.62,2.37
19.39,1.45,1.4,0.02,2.7,2.31
19.46,1.46,1.4,0.02,2.54,2.51
19.53,1.46,1.4,0.02,2.48,2.45
19.6,1.47,1.4,0.02,2.51,2.45
19.67,1.47,1.4,0.02,2.26,2.29
19.74,1.48,1.4,0.02,2.09,2.17
19.81,1.49,1.4,0.02,2.23,2.17
19.88,1.49,1.4,0.01,1.98,2.26
19.95,1.5,1.4,0.01,2.15,2.29
20.02,1.5,1.4,0.0,2.09,2.37
20.09,1.51,1.4,-0.0,2.01,2.23
20.16,1.51,1.4,0.0,2.17,2.06
20.23,1.52,1.4,-0.0,2.01,2.2
20.3,1.52,1.4,0.0,2.26,2.03
20.37,1.53,1.4,0.0,2.17,2.12
20.44,1.53,1.4,0.0,2.26,2.17
20.51,1.54,1.4,0.01,2.34,2.29
20.58,1.54,1.4,0.0,2.28,2.45
20.65,1.55,1.4,-0.0,2.31,2.42
20.72,1.55,1.4,-0.0,2.37,2.43
20.79,1.56,1.4,-0.0,2.4,2.56
20.86,1.57,1.4,-0.0,2.51,2.48
20.93,1.57,1.4,-0.0,2.51,2.45
21.0,1.58,1.4,-0.0,2.45,2.51
21.07,1.58,1.4,-0.0,2.4,2.43
21.14,1.59,1.4,-0.0,2.2,2.23
21.21,1.59,1.4,-0.01,1.87,2.37
21.28,1.6,1.4,-0.02,2.06,2.12
21.35,1.6,1.4,-0.02,2.29,2.29
21.42,1.61,1.4,-0.01,2.51,2.31
21.49,1.62,1.4,-0.01,2.51,2.17
21.56,1.62,1.4,-0.01,2.4,2.4
21.63,1.63,1.4,-0.0,2.34,2.29
21.7,1.63,1.4,-0.0,2.34,2.26
21.77,1.64,1.4,-0.0,2.31,2.34
21.84,1.64,1.4,0.0,2.48,2.23
21.91,1.65,1.4,0.0,2.4,2.31
21.98,1.65,1.4,0.01,2.51,2.34
22.05,1.66,1.4,0.01,2.56,2.26
22.12,1.67,1.4,0.02,2.56,2.31
22.19,1.67,1.4,0.02,2.37,2.48
22.26,1.68,1.4,0.02,2.4,2.4
22.33,1.68,1.4,0.02,2.37,2.26
22.4,1.69,1.4,0.02,2.03,2.12
22.47,1.69,1.4,0.02,2.12,2.15
22.54,1.7,1.4,0.01,1.9,2.31
22.61,1.7,1.4,0.01,2.17,2.26
22.68,1.71,1.4,0.01,2.26,2.26
22.75,1.71,1.4,0.0,2.2,2.29
22.82,1.72,1.4,0.01,2.29,2.01
22.89,1.72,1.4,0.01,2.17,2.17
22.96,1.73,1.4,0.01,2.09,2.03
23.03,1.73,1.4,0.01,2.15,2.09
23.1,1.74,1.4,0.01,2.03,2.23
23.17,1.74,1.4,0.01,2.17,2.06
23.24,1.75,1.4,0.0,1.98,2.26
23.31,1.75,1.4,0.0,2.17,2.26
23.38,1.76,1.4,0.0,2.31,2.4
23.45,1.77,1.4,-0.01,2.31,2.65
23.52,1.77,1.4,-0.01,2.42,2.59
23.59,1.78,1.4,-0.01,2.42,2.62
23.66,1.78,1.4,-0.01,2.59,2.62
23.73,1.79,1.4,-0.01,2.42,2.45
23.8,1.8,1.4,-0.02,2.2,2.34
23.87,1.8,1.4,-0.02,1.98,2.4
23.94,1.81,1.4,-0.03,2.06,2.2
24.01,1.81,1.4,-0.03,2.2,2.2
24.08,1.82,1.4,-0.02,2.37,2.23
24.15,1.82,1.4,-0.02,2.4,2.15
24.22,1.83,1.4,-0.02,2.31,2.34
24.29,1.83,1.4,-0.02,2.23,2.23
24.36,1.84,1.4,-0.02,2.17,2.2
24.43,1.84,1.4,-0.02,2.23,2.29
24.5,1.85,1.4,-0.02,2.29,2.15
24.57,1.85,1.4,-0.02,2.29,2.37
24.64,1.86,1.4,-0.02,2.4,2.34
24.71,1.87,1.4,-0.02,2.45,2.23
24.78,1.87,1.4,-0.01,2.56,2.45
24.85,1.88,1.4,-0.01,2.54,2.51
24.92,1.88,1.4,-0.01,2.59,2.48
24.99,1.89,1.4,-0.01,2.51,2.51
25.06,1.9,1.4,-0.01,2.31,2.51
25.13,1.9,1.4,-0.01,2.37,2.34
25.2,1.91,1.4,-0.02,2.15,2.48
25.27,1.91,1.4,-0.02,2.23,2.31
25.34,1.92,1.4,-0.02,2.15,2.23
25.41,1.92,1.4,-0.02,2.23,2.26
25.48,1.93,1.4,-0.02,2.26,2.17
25.55,1.93,1.4,-0.02,2.12,2.03
25.62,1.94,1.4,-0.02,2.2,2.23
25.69,1.94,1.4,-0.02,2.15,2.03
25.76,1.95,1.4,-0.02,2.2,2.29
25.83,1.95,1.4,-0.02,2.34,2.31
25.9,1.96,1.4,-0.02,2.31,2.45
25.97,1.97,1.4,-0.03,2.34,2.54
26.04,1.97,1.4,-0.03,2.45,2.45
26.11,1.97,1.4,-0.02,1.56,1.31
26.18,1.98,1.4,-0.0,0.98,0.08
26.25,1.98,1.4,0.0,0.36,0.0
26.32,1.98,1.4,0.0,0.06,0.0
26.39,1.98,1.4,0.01,0.2,0.03
26.46,1.98,1.4,0.01,0.0,0.0
26.53,1.98,1.4,0.01,0.0,0.0
26.6,1.98,1.4,0.01,0.0,0.0
26.67,1.98,1.4,0.01,0.0,0.0
26.74,1.98,1.4,0.01,0.0,0.0
26.81,1.98,1.4,0.01,0.0,0.0
26.88,1.98,1.4,0.01,0.0,0.0
26.95,1.98,1.4,0.01,0.0,0.0
27.02,1.98,1.4,0.01,0.0,0.0
27.09,1.98,1.4,0.01,0.0,0.0
27.16,1.98,1.4,0.01,0.0,0.0
27.23,1.98,1.4,0.01,0.0,0.0
27.3,1.98,1.4,0.01,0.0,0.0
27.37,1.98,1.4,0.01,0.0,0.0
27.44,1.98,1.4,0.01,0.0,0.0
27.51,1.98,1.4,0.01,0.0,0.0
27.58,1.98,1.4,0.01,0.0,0.0
27.65,1.98,1.4,0.01,0.06,0.0
27.72,1.98,1.4,0.01,0.31,0.0
27.79,1.98,1.4,0.03,0.86,0.0
27.86,1.98,1.4,0.06,1.56,0.0
27.93,1.98,1.4,0.1,1.92,0.0
28.0,1.98,1.4,0.13,1.81,0.0
28.07,1.99,1.4,0.16,1.28,0.0
28.14,1.99,1.4,0.16,0.25,0.0
28.21,1.99,1.4,0.16,0.06,0.0
28.28,1.99,1.4,0.16,0.03,0.0
28.35,1.99,1.4,0.17,0.17,0.0
28.42,1.99,1.4,0.17,0.03,0.0
28.49,1.99,1.4,0.17,0.0,0.0
28.56,1.99,1.4,0.17,0.0,0.0
28.63,1.99,1.4,0.17,0.0,0.0
28.7,1.99,1.4,0.17,0.03,0.0
28.77,1.99,1.4,0.17,0.28,0.0
28.84,1.99,1.4,0.19,0.56,0.0
28.91,1.99,1.4,0.21,1.25,0.0
28.98,1.99,1.4,0.23,1.12,0.0
29.05,1.99,1.4,0.24,0.7,0.0
29.12,1.99,1.4,0.26,0.64,0.0
29.19,1.99,1.4,0.27,0.89,0.0
29.26,1.99,1.4,0.3,1.23,0.0
29.33,2.0,1.4,0.32,0.89,0.0
29.4,2.0,1.4,0.33,0.92,0.0
29.47,2.0,1.4,0.36,1.2,0.0
29.54,2.0,1.4,0.38,1.09,0.0
29.61,2.0,1.4,0.39,0.53,0.0
29.68,2.0,1.4,0.39,0.28,0.0
29.75,2.0,1.4,0.39,0.03,0.0
29.82,2.0,1.4,0.4,0.17,0.0
29.89,2.0,1.4,0.41,0.47,0.0
29.96,2.0,1.4,0.43,1.0,0.0
30.03,2.0,1.41,0.44,0.92,0.0
30.1,2.0,1.41,0.45,0.39,0.0
30.17,2.0,1.41,0.45,0.14,0.0
30.24,2.0,1.41,0.46,0.11,0.0
30.31,2.0,1.41,0.46,0.03,0.0
30.38,2.0,1.41,0.46,0.0,0.0
30.45,2.0,1.41,0.46,0.0,0.0
30.52,2.0,1.41,0.46,0.0,0.0
30.59,2.0,1.41,0.46,0.0,0.0
30.66,2.0,1.41,0.46,0.0,0.0
30.73,2.0,1.41,0.46,0.08,0.0
30.8,2.0,1.41,0.47,0.67,0.0
30.87,2.01,1.41,0.5,1.42,-0.03
30.94,2.01,1.41,0.53,1.78,0.0
31.01,2.01,1.41,0.57,1.73,0.0
31.08,2.01,1.41,0.59,1.34,0.0
31.15,2.01,1.41,0.61,0.7,0.0
31.22,2.01,1.41,0.61,0.03,0.0
31.29,2.01,1.41,0.61,0.0,-0.03
31.36,2.01,1.41,0.61,0.0,0.0
31.43,2.01,1.41,0.61,0.03,0.0
31.5,2.01,1.41,0.61,0.25,0.0
31.57,2.01,1.41,0.61,0.03,-0.03
31.64,2.01,1.41,0.62,0.0,-0.11
31.71,2.01,1.41,0.62,0.06,0.0
31.78,2.01,1.41,0.62,0.06,0.0
31.85,2.01,1.41,0.62,0.03,0.0
31.92,2.01,1.41,0.62,0.11,0.0
31.99,2.01,1.41,0.62,0.0,0.0
32.06,2.01,1.41,0.62,0.0,0.0
32.13,2.01,1.41,0.62,0.0,0.0
32.2,2.01,1.41,0.62,0.0,0.0
32.27,2.01,1.41,0.62,0.0,0.0
32.34,2.01,1.41,0.62,0.0,0.0
32.41,2.01,1.41,0.62,0.0,0.0
32.48,2.01,1.41,0.62,0.0,0.0
32.55,2.01,1.41,0.62,0.0,0.0
32.62,2.01,1.41,0.62,0.0,0.0
32.69,2.01,1.41,0.62,0.0,0.0
32.76,2.01,1.41,0.62,0.0,0.0
32.83,2.01,1.41,0.62,0.0,-0.03
32.9,2.01,1.41,0.62,0.0,0.0
32.97,2.01,1.41,0.62,0.0,0.0
33.04,2.01,1.41,0.62,0.0,0.0
33.11,2.01,1.41,0.62,0.0,0.0
33.18,2.01,1.41,0.62,0.0,-0.03
33.25,2.01,1.41,0.62,0.0,-0.03
33.32,2.01,1.41,0.64,0.0,-0.92
33.39,2.01,1.41,0.69,0.0,-2.7
33.46,2.0,1.4,0.77,0.0,-3.79
33.53,2.0,1.4,0.85,0.0,-4.1
33.6,2.0,1.4,0.93,0.0,-4.1
33.67,2.0,1.39,1.0,0.0,-3.87
33.74,1.99,1.39,1.07,0.0,-3.57
33.81,1.99,1.39,1.12,0.0,-2.68
33.88,1.99,1.39,1.15,0.0,-1.59
33.95,1.99,1.39,1.16,0.0,-0.59
34.02,1.99,1.39,1.16,0.0,0.0
34.09,1.99,1.39,1.16,0.0,0.0
34.16,1.99,1.39,1.16,0.0,0.0
34.23,1.99,1.39,1.16,0.0,0.0
34.3,1.99,1.39,1.16,0.0,0.0
34.37,1.99,1.39,1.16,0.0,0.0
34.44,1.99,1.39,1.16,0.0,0.0
34.51,1.99,1.39,1.16,0.0,0.0
34.58,1.99,1.39,1.16,0.0,0.0
34.65,1.99,1.39,1.16,0.0,0.0
34.72,1.99,1.39,1.16,0.0,0.0
34.79,1.99,1.39,1.16,0.0,0.0
34.86,1.99,1.39,1.16,0.0,0.0
34.93,1.99,1.39,1.16,0.0,0.0
35.0,1.99,1.39,1.16,0.0,0.0
35.07,1.99,1.39,1.16,0.0,-0.03
35.14,1.99,1.39,1.16,0.0,0.0
35.21,1.99,1.39,1.16,0.0,0.0
35.28,1.99,1.39,1.16,0.0,0.0
35.35,1.99,1.39,1.16,0.0,0.0
35.42,1.99,1.39,1.16,0.0,0.0
35.49,1.99,1.39,1.16,-0.03,0.0
35.56,1.99,1.39,1.16,0.0,0.0
35.63,1.99,1.39,1.16,0.0,0.0
35.7,1.99,1.39,1.16,0.0,0.0
35.77,1.99,1.39,1.16,0.0,0.0
35.84,1.99,1.39,1.16,0.0,0.0
35.91,1.99,1.39,1.16,0.0,0.0
35.98,1.99,1.39,1.16,0.0,0.0
36.05,1.99,1.39,1.16,0.0,0.0
36.12,1.99,1.39,1.16,0.0,0.0
36.19,1.99,1.39,1.16,0.0,0.0
36.26,1.99,1.39,1.16,0.0,0.0
36.33,1.99,1.39,1.16,0.0,0.0
36.4,1.99,1.39,1.16,0.0,0.0
36.47,1.99,1.39,1.16,0.0,0.0
36.54,1.99,1.39,1.16,0.0,0.0
36.61,1.99,1.39,1.16,0.0,0.0
36.68,1.99,1.39,1.16,0.0,0.0
36.75,1.99,1.39,1.16,0.0,0.0
36.82,1.99,1.39,1.16,0.0,0.0
36.89,1.99,1.39,1.16,0.0,0.0
36.96,1.99,1.39,1.16,0.0,0.0
37.03,1.99,1.39,1.16,-0.03,0.0
37.1,1.99,1.39,1.16,0.0,0.0
37.17,1.99,1.39,1.16,0.0,0.0
37.24,1.99,1.39,1.16,0.0,0.0
37.31,1.99,1.39,1.16,0.0,0.0
37.38,1.99,1.39,1.16,0.0,0.0
37.45,1.99,1.39,1.16,0.0,0.0
37.52,1.99,1.39,1.16,0.0,0.0
37.59,1.99,1.39,1.16,0.0,0.0
37.66,1.99,1.39,1.16,-0.03,0.0
37.73,1.99,1.38,1.14,-1.31,0.0
37.8,1.99,1.38,1.13,-0.5,0.03
37.87,1.99,1.38,1.12,-0.08,0.0
37.94,1.99,1.38,1.12,-0.03,0.0
38.01,1.99,1.38,1.12,-0.11,0.0
38.08,1.99,1.38,1.12,0.0,0.0
38.15,1.99,1.38,1.12,0.0,0.0
38.22,1.99,1.38,1.12,0.0,0.0
38.29,1.99,1.38,1.12,0.0,0.0
38.36,1.99,1.38,1.12,-0.03,0.0
38.43,1.99,1.38,1.12,0.0,0.0
38.5,1.99,1.38,1.12,0.0,0.0
38.57,1.99,1.38,1.12,0.0,0.0
38.64,1.99,1.38,1.12,0.0,0.0
38.71,1.99,1.38,1.12,-0.14,0.0
38.78,1.99,1.38,1.11,-0.59,0.0
38.85,1.99,1.38,1.09,-1.14,0.0
38.92,1.99,1.38,1.06,-1.23,0.0
38.99,1.99,1.38,1.04,-1.34,0.0
39.06,1.99,1.38,1.01,-1.39,0.0
39.13,1.99,1.38,0.99,-1.03,0.0
39.2,1.98,1.38,0.97,-0.98,0.0
39.27,1.98,1.37,0.94,-1.51,0.0
39.34,1.98,1.37,0.91,-1.34,0.0
39.41,1.98,1.37,0.88,-1.56,0.0
39.48,1.98,1.37,0.86,-1.48,0.0
39.55,1.98,1.37,0.83,-1.56,0.0
39.62,1.98,1.37,0.79,-1.98,0.0
39.69,1.98,1.36,0.75,-2.06,0.0
39.76,1.97,1.36,0.69,-2.76,0.0
39.83,1.97,1.36,0.64,-2.84,0.0
39.9,1.97,1.36,0.59,-2.62,0.0
39.97,1.97,1.36,0.56,-1.48,0.0
40.04,1.97,1.36,0.54,-1.17,0.0
40.11,1.97,1.36,0.53,-0.31,0.0
40.18,1.97,1.36,0.53,-0.2,0.0
40.25,1.97,1.36,0.52,-0.2,0.0
40.32,1.97,1.36,0.52,0.0,0.0
40.39,1.97,1.36,0.52,0.0,0.0
40.46,1.97,1.36,0.52,0.0,0.0
40.53,1.97,1.36,0.52,0.0,0.0
40.6,1.97,1.36,0.52,0.0,0.0
40.67,1.97,1.36,0.52,0.0,0.0
40.74,1.97,1.36,0.52,0.0,0.0
40.81,1.97,1.36,0.52,0.0,0.0
40.88,1.97,1.36,0.52,0.0,0.0
40.95,1.97,1.36,0.52,0.0,0.0
41.02,1.97,1.36,0.52,0.0,0.0
41.09,1.97,1.36,0.52,0.0,0.0
41.16,1.97,1.36,0.52,0.0,0.0
41.23,1.97,1.36,0.52,0.0,0.0
41.3,1.97,1.36,0.52,0.0,0.0
41.37,1.97,1.36,0.52,0.0,0.0
41.44,1.97,1.36,0.52,0.0,0.0
41.51,1.97,1.36,0.52,0.0,0.0
41.58,1.97,1.36,0.52,0.0,0.0
41.65,1.97,1.36,0.52,0.0,-0.03
41.72,1.97,1.36,0.52,0.0,0.0
41.79,1.97,1.36,0.52,0.0,0.0
41.86,1.97,1.36,0.52,0.0,0.0
41.93,1.97,1.36,0.52,0.0,0.0
42.0,1.97,1.36,0.52,0.0,0.0
42.07,1.97,1.36,0.52,0.0,0.0
42.14,1.97,1.36,0.52,0.0,0.0
42.21,1.97,1.36,0.52,0.0,0.0
42.28,1.97,1.36,0.52,0.0,0.0
42.35,1.97,1.36,0.52,0.0,0.0
42.42,1.97,1.36,0.52,0.0,0.0
42.49,1.97,1.36,0.52,0.0,0.0
42.56,1.97,1.36,0.52,0.0,0.0
42.63,1.97,1.36,0.52,0.0,0.0
42.7,1.97,1.36,0.52,0.0,0.0
42.77,1.97,1.36,0.52,0.0,0.0
42.84,1.97,1.36,0.52,0.0,0.0
42.91,1.97,1.36,0.52,0.0,-0.03
42.98,1.97,1.36,0.52,0.0,0.0
43.05,1.97,1.36,0.52,0.0,0.0
43.12,1.97,1.36,0.52,0.0,0.0
43.19,1.97,1.36,0.52,0.0,0.0
43.26,1.97,1.36,0.52,0.0,0.0
43.33,1.97,1.36,0.52,0.0,0.0
43.4,1.97,1.36,0.52,0.0,-0.03
43.47,1.96,1.36,0.55,0.0,-1.14
43.54,1.96,1.35,0.58,0.0,-1.76
43.61,1.96,1.35,0.62,0.0,-2.23
43.68,1.96,1.35,0.67,0.0,-2.23
43.75,1.96,1.35,0.7,0.0,-1.87
43.82,1.95,1.35,0.74,0.0,-1.76
43.89,1.95,1.35,0.77,0.0,-1.59
43.96,1.95,1.35,0.8,0.0,-1.76
44.03,1.95,1.34,0.84,0.0,-1.76
44.1,1.95,1.34,0.88,0.0,-2.4
44.17,1.95,1.34,0.93,0.0,-2.43
44.24,1.94,1.34,0.98,0.0,-2.73
44.31,1.94,1.33,1.03,-0.03,-2.48
44.38,1.94,1.33,1.07,0.0,-1.9
44.45,1.94,1.33,1.09,0.0,-1.14
44.52,1.94,1.33,1.09,0.0,-0.08
44.59,1.94,1.33,1.09,0.0,0.0
44.66,1.94,1.33,1.09,0.0,0.0
44.73,1.94,1.33,1.09,0.0,0.0
44.8,1.94,1.33,1.09,0.0,0.0
44.87,1.94,1.33,1.09,0.0,0.0
44.94,1.94,1.33,1.09,0.0,0.0
45.01,1.94,1.33,1.09,0.0,0.0
45.08,1.94,1.33,1.09,-0.03,0.0
45.15,1.94,1.33,1.09,-0.11,0.0
45.22,1.94,1.33,1.08,-0.17,0.0
45.29,1.94,1.33,1.08,0.0,0.0
45.36,1.94,1.33,1.08,-0.03,0.0
45.43,1.94,1.33,1.08,-0.25,0.0
45.5,1.94,1.33,1.08,-0.03,0.0
45.57,1.94,1.33,1.08,-0.11,0.0
45.64,1.94,1.33,1.07,-0.5,0.0
45.71,1.94,1.33,1.05,-0.92,0.0
45.78,1.94,1.33,1.02,-1.56,0.0
45.85,1.94,1.33,1.0,-1.2,0.0
45.92,1.94,1.33,0.97,-1.14,0.0
45.99,1.94,1.32,0.95,-1.37,0.0
46.06,1.94,1.32,0.93,-0.81,0.0
46.13,1.94,1.32,0.92,-0.7,0.0
46.2,1.93,1.32,0.91,-0.67,0.0
46.27,1.93,1.32,0.88,-1.37,0.0
46.34,1.93,1.32,0.85,-1.53,0.0
46.41,1.93,1.32,0.81,-1.98,-0.03
46.48,1.93,1.32,0.77,-2.09,-0.14
46.55,1.93,1.31,0.72,-2.51,0.0
46.62,1.92,1.31,0.67,-2.65,0.0
46.69,1.92,1.31,0.63,-2.45,0.0
46.76,1.92,1.31,0.58,-2.15,0.0
46.83,1.92,1.31,0.57,-1.39,-0.86
46.9,1.92,1.31,0.61,-0.28,-1.92
46.97,1.91,1.3,0.64,-0.42,-2.04
47.04,1.91,1.3,0.66,-0.7,-2.12
47.11,1.91,1.3,0.69,-0.03,-1.45
47.18,1.91,1.3,0.72,0.0,-1.31
47.25,1.91,1.3,0.74,-0.33,-1.53
47.32,1.9,1.3,0.74,-1.12,-1.14
47.39,1.9,1.29,0.73,-2.45,-2.03
47.46,1.9,1.29,0.73,-2.7,-2.4
47.53,1.89,1.28,0.73,-2.37,-2.68
47.6,1.89,1.28,0.74,-2.4,-2.93
47.67,1.88,1.28,0.75,-2.15,-2.23
47.74,1.88,1.27,0.75,-2.01,-2.12
47.81,1.88,1.27,0.75,-1.98,-2.15
47.88,1.87,1.27,0.75,-1.59,-1.78
47.95,1.87,1.26,0.76,-1.81,-2.09
48.02,1.87,1.26,0.76,-1.53,-1.76
48.09,1.86,1.26,0.77,-1.84,-2.06
48.16,1.86,1.26,0.77,-1.92,-1.98
48.23,1.86,1.25,0.77,-2.12,-2.29
48.3,1.85,1.25,0.78,-2.17,-2.4
48.37,1.85,1.24,0.78,-2.29,-2.34
48.44,1.84,1.24,0.79,-2.09,-2.48
48.51,1.84,1.24,0.79,-2.09,-2.56
48.58,1.84,1.23,0.81,-1.78,-2.37
48.65,1.83,1.23,0.82,-1.67,-2.29
48.72,1.83,1.23,0.83,-1.92,-2.29
48.79,1.83,1.22,0.83,-2.06,-2.06
48.86,1.82,1.22,0.83,-2.31,-2.37
48.93,1.82,1.21,0.82,-2.42,-2.26
49.0,1.82,1.21,0.82,-2.42,-2.37
49.07,1.81,1.21,0.83,-2.29,-2.62
49.14,1.81,1.2,0.84,-1.62,-2.2
49.21,1.81,1.2,0.85,-1.84,-2.23
49.28,1.8,1.19,0.86,-1.7,-2.2
49.35,1.8,1.19,0.86,-1.64,-1.78
49.42,1.8,1.19,0.86,-1.7,-1.87
49.49,1.79,1.19,0.86,-1.7,-1.78
49.56,1.79,1.18,0.86,-1.95,-1.9
49.63,1.79,1.18,0.86,-1.92,-1.76
49.7,1.79,1.17,0.86,-1.98,-2.01
49.77,1.78,1.17,0.86,-2.2,-1.95
49.84,1.78,1.17,0.86,-2.09,-2.09
49.91,1.78,1.16,0.85,-2.23,-1.87
49.98,1.77,1.16,0.85,-1.95,-1.87
50.05,1.77,1.16,0.84,-2.17,-1.84
50.12,1.77,1.15,0.84,-1.84,-1.9
50.19,1.76,1.15,0.84,-1.84,-1.7
50.26,1.76,1.15,0.84,-1.7,-1.67
50.33,1.76,1.14,0.83,-1.78,-1.53
50.4,1.76,1.14,0.84,-1.56,-1.67
50.47,1.75,1.14,0.83,-1.81,-1.28
50.54,1.75,1.14,0.83,-1.56,-1.7
50.61,1.75,1.13,0.83,-1.95,-1.81
50.68,1.74,1.13,0.83,-1.81,-1.92
50.75,1.74,1.13,0.83,-1.84,-1.7
50.82,1.74,1.12,0.83,-1.81,-1.92
50.89,1.74,1.12,0.82,-1.81,-1.53
50.96,1.73,1.12,0.82,-1.73,-1.76
51.03,1.73,1.11,0.82,-1.81,-1.7
51.1,1.73,1.11,0.82,-1.73,-1.84
51.17,1.72,1.11,0.82,-1.92,-1.87
51.24,1.72,1.1,0.82,-2.09,-2.03
51.31,1.72,1.1,0.82,-2.12,-1.9
51.38,1.71,1.1,0.81,-2.4,-2.17
51.45,1.71,1.09,0.81,-2.06,-1.84
51.52,1.71,1.09,0.81,-2.29,-2.23
51.59,1.7,1.09,0.8,-2.09,-1.76
51.66,1.7,1.08,0.8,-2.15,-2.09
51.73,1.7,1.08,0.79,-2.26,-1.87
51.8,1.69,1.08,0.79,-1.95,-2.01
51.87,1.69,1.07,0.79,-2.17,-1.95
51.94,1.69,1.07,0.79,-2.03,-2.03
52.01,1.68,1.06,0.78,-2.34,-1.76
52.08,1.68,1.06,0.76,-2.2,-1.59
52.15,1.68,1.06,0.76,-1.92,-1.48
52.22,1.67,1.06,0.75,-1.76,-1.62
52.29,1.67,1.05,0.75,-1.67,-1.51
52.36,1.67,1.05,0.75,-1.98,-1.95
52.43,1.66,1.05,0.74,-2.12,-1.76
52.5,1.66,1.04,0.74,-2.45,-2.06
52.57,1.66,1.04,0.73,-2.4,-1.92
52.64,1.65,1.04,0.72,-2.56,-2.17
52.71,1.65,1.03,0.71,-2.56,-2.31
52.78,1.64,1.03,0.71,-2.42,-2.26
52.85,1.64,1.03,0.71,-2.2,-2.31
52.92,1.64,1.02,0.71,-2.45,-2.23
52.99,1.63,1.02,0.7,-2.4,-2.23
53.06,1.63,1.01,0.7,-2.54,-2.4
53.13,1.62,1.01,0.7,-2.51,-2.31
53.2,1.62,1.01,0.7,-2.45,-2.37
53.27,1.61,1.0,0.7,-2.28,-2.23
53.34,1.61,1.0,0.69,-2.37,-2.23
53.41,1.61,1.0,0.69,-2.17,-2.15
53.48,1.6,0.99,0.69,-2.06,-1.98
53.55,1.6,0.99,0.69,-2.23,-2.06
53.62,1.59,0.99,0.69,-2.01,-1.92
53.69,1.59,0.98,0.68,-2.2,-2.03
53.76,1.59,0.98,0.68,-2.06,-2.15
53.83,1.58,0.98,0.68,-2.03,-1.9
53.9,1.58,0.97,0.68,-2.26,-2.17
53.97,1.58,0.97,0.68,-2.01,-1.92
54.04,1.57,0.97,0.68,-2.23,-2.29
54.11,1.57,0.96,0.68,-2.54,-2.56
54.18,1.56,0.96,0.68,-2.54,-2.54
54.25,1.56,0.96,0.68,-2.65,-2.62
54.32,1.55,0.95,0.68,-2.73,-2.68
54.39,1.55,0.95,0.68,-2.17,-2.12
54.46,1.54,0.95,0.68,-2.04,-2.4
54.53,1.54,0.94,0.69,-1.84,-2.17
54.6,1.54,0.94,0.69,-2.29,-2.45
54.67,1.53,0.94,0.7,-2.62,-2.79
54.74,1.53,0.93,0.7,-2.81,-2.9
54.81,1.52,0.93,0.7,-2.54,-2.59
54.88,1.52,0.92,0.7,-2.29,-2.31
54.95,1.51,0.92,0.71,-1.95,-2.23
55.02,1.51,0.92,0.71,-2.06,-2.03
55.09,1.51,0.91,0.71,-2.03,-2.12
55.16,1.5,0.91,0.7,-2.26,-2.12
55.23,1.5,0.91,0.7,-2.45,-2.01
55.3,1.49,0.9,0.69,-2.48,-2.26
55.37,1.49,0.9,0.69,-2.37,-2.23
55.44,1.48,0.9,0.69,-2.51,-2.56
55.51,1.48,0.89,0.7,-2.2,-2.51
55.58,1.48,0.89,0.7,-2.51,-2.59
55.65,1.47,0.88,0.7,-2.65,-2.7
55.72,1.47,0.88,0.7,-2.59,-2.65
55.79,1.46,0.88,0.7,-2.51,-2.65
55.86,1.46,0.87,0.7,-2.4,-2.48
55.93,1.45,0.87,0.71,-2.06,-2.4
56.0,1.45,0.87,0.71,-2.15,-2.23
56.07,1.44,0.86,0.7,-2.23,-1.84
56.14,1.44,0.86,0.7,-2.03,-2.01
56.21,1.44,0.86,0.7,-2.15,-2.06
56.28,1.43,0.85,0.7,-2.2,-2.31
56.35,1.43,0.85,0.7,-2.31,-2.17
56.42,1.42,0.85,0.7,-2.43,-2.4
56.49,1.42,0.84,0.71,-2.12,-2.42
56.56,1.42,0.84,0.71,-2.06,-2.2
56.63,1.41,0.84,0.71,-2.4,-2.2
56.7,1.41,0.83,0.7,-2.51,-2.42
56.77,1.4,0.83,0.7,-2.54,-2.48
56.84,1.4,0.82,0.7,-2.56,-2.56
56.91,1.39,0.82,0.71,-2.56,-2.7
56.98,1.39,0.82,0.71,-2.48,-2.59
57.05,1.39,0.81,0.71,-2.42,-2.4
57.12,1.38,0.81,0.71,-2.29,-2.43
57.19,1.38,0.8,0.71,-2.4,-2.31
57.26,1.37,0.8,0.71,-2.4,-2.45
57.33,1.37,0.8,0.71,-2.56,-2.65
57.4,1.36,0.79,0.71,-2.45,-2.34
57.47,1.36,0.79,0.71,-2.4,-2.23
57.54,1.36,0.79,0.71,-1.81,-1.92
57.61,1.35,0.78,0.7,-2.26,-1.92
57.68,1.35,0.78,0.7,-1.81,-1.95
57.75,1.35,0.78,0.7,-1.78,-1.67
57.82,1.34,0.78,0.71,-1.67,-1.84
57.89,1.34,0.77,0.7,-2.12,-1.84
57.96,1.33,0.77,0.7,-2.09,-2.03
58.03,1.33,0.77,0.7,-2.09,-2.09
58.1,1.33,0.76,0.7,-2.2,-2.12
58.17,1.32,0.76,0.7,-2.23,-2.17
58.24,1.32,0.76,0.69,-2.45,-2.12
58.31,1.31,0.75,0.69,-2.34,-2.23
58.38,1.31,0.75,0.68,-2.29,-2.12
58.45,1.31,0.75,0.68,-2.43,-2.15
58.52,1.3,0.74,0.68,-2.23,-2.2
58.59,1.3,0.74,0.68,-2.03,-1.87
58.66,1.29,0.74,0.68,-2.17,-2.2
58.73,1.29,0.73,0.67,-1.9,-1.76
58.8,1.29,0.73,0.67,-2.4,-2.31
58.87,1.28,0.73,0.67,-2.12,-1.92
58.94,1.28,0.72,0.66,-2.2,-2.06
59.01,1.27,0.72,0.67,-2.42,-2.45
59.08,1.27,0.72,0.66,-2.15,-2.09
59.15,1.27,0.71,0.66,-2.29,-2.29
59.22,1.26,0.71,0.66,-2.15,-1.87
59.29,1.26,0.71,0.66,-1.84,-1.81
59.36,1.26,0.71,0.65,-2.17,-1.78
59.43,1.25,0.7,0.65,-2.04,-1.9
59.5,1.25,0.7,0.64,-2.56,-2.2
59.57,1.24,0.7,0.64,-2.7,-2.45
59.64,1.24,0.69,0.63,-2.76,-2.23
59.71,1.23,0.69,0.61,-2.65,-1.9
59.78,1.23,0.69,0.61,-2.43,-2.2
59.85,1.22,0.68,0.61,-2.31,-2.37
59.92,1.22,0.68,0.62,-2.31,-2.81
59.99,1.21,0.67,0.62,-2.62,-2.87
60.06,1.21,0.67,0.62,-2.7,-2.76
60.13,1.2,0.67,0.62,-2.37,-2.42
60.2,1.2,0.66,0.62,-2.31,-2.23
60.27,1.2,0.66,0.63,-1.84,-2.12
60.34,1.19,0.66,0.62,-1.98,-1.62
60.41,1.19,0.66,0.62,-1.98,-1.84
60.48,1.18,0.65,0.61,-2.2,-1.92
60.55,1.18,0.65,0.61,-2.34,-2.37
60.62,1.17,0.65,0.61,-2.31,-2.26
60.69,1.17,0.64,0.61,-2.37,-2.29
60.76,1.17,0.64,0.61,-2.48,-2.48
60.83,1.16,0.64,0.61,-2.15,-2.15
60.9,1.16,0.63,0.61,-2.37,-2.43
60.97,1.15,0.63,0.62,-2.37,-2.51
61.04,1.15,0.63,0.62,-2.34,-2.4
61.11,1.14,0.62,0.62,-2.56,-2.54
61.18,1.14,0.62,0.62,-2.42,-2.68
61.25,1.13,0.62,0.62,-2.23,-2.31
61.32,1.13,0.61,0.62,-2.31,-2.26
61.39,1.12,0.61,0.63,-2.2,-2.42
61.46,1.12,0.61,0.62,-2.23,-2.2
61.53,1.12,0.61,0.62,-2.31,-2.2
61.6,1.11,0.6,0.62,-2.09,-2.03
61.67,1.11,0.6,0.62,-2.01,-1.76
61.74,1.1,0.6,0.62,-1.98,-2.15
61.81,1.1,0.59,0.62,-2.03,-1.98
61.88,1.1,0.59,0.62,-2.34,-2.34
61.95,1.09,0.59,0.62,-2.17,-2.06
62.02,1.09,0.58,0.61,-2.56,-2.26
62.09,1.08,0.58,0.61,-2.73,-2.62
62.16,1.08,0.58,0.61,-2.54,-2.4
62.23,1.07,0.57,0.6,-2.65,-2.54
62.3,1.07,0.57,0.6,-2.7,-2.56
62.37,1.06,0.57,0.6,-2.31,-2.03
62.44,1.06,0.56,0.6,-2.15,-2.2
62.51,1.05,0.56,0.6,-2.51,-2.51
62.58,1.05,0.56,0.6,-2.4,-2.42
62.65,1.04,0.55,0.6,-2.7,-2.59
62.72,1.04,0.55,0.59,-2.7,-2.54
62.79,1.03,0.55,0.59,-2.03,-2.12
62.86,1.03,0.55,0.6,-2.01,-2.54
62.93,1.03,0.54,0.61,-1.73,-1.92
63.0,1.02,0.54,0.61,-2.15,-2.2
63.07,1.02,0.54,0.61,-2.42,-2.37
63.14,1.01,0.53,0.6,-2.45,-2.28
63.21,1.01,0.53,0.6,-2.56,-2.37
63.28,1.0,0.53,0.6,-2.45,-2.43
63.35,1.0,0.52,0.59,-2.31,-2.03
63.42,0.99,0.52,0.59,-2.06,-2.01
63.49,0.99,0.52,0.59,-2.42,-2.26
63.56,0.98,0.52,0.59,-2.23,-2.17
63.63,0.98,0.51,0.59,-2.45,-2.45
63.7,0.98,0.51,0.59,-2.48,-2.37
63.77,0.97,0.51,0.59,-2.17,-2.34
63.84,0.97,0.5,0.59,-2.43,-2.51
63.91,0.96,0.5,0.59,-2.42,-2.51
63.98,0.96,0.5,0.59,-2.06,-2.12
64.05,0.95,0.49,0.59,-2.4,-2.34
64.12,0.95,0.49,0.6,-2.06,-2.34
64.19,0.94,0.49,0.6,-1.87,-2.12
64.26,0.94,0.48,0.61,-2.06,-2.23
64.33,0.94,0.48,0.61,-1.9,-1.81
64.4,0.93,0.48,0.61,-2.26,-2.26
64.47,0.93,0.48,0.61,-2.03,-2.17
64.54,0.92,0.47,0.61,-2.4,-2.48
64.61,0.92,0.47,0.61,-2.51,-2.42
64.68,0.91,0.47,0.6,-2.42,-2.23
64.75,0.91,0.46,0.6,-2.48,-2.43
64.82,0.9,0.46,0.6,-2.45,-2.17
64.89,0.9,0.46,0.6,-2.23,-2.2
64.96,0.9,0.45,0.6,-2.26,-2.29
65.03,0.89,0.45,0.59,-2.12,-1.81
65.1,0.89,0.45,0.59,-2.15,-2.06
65.17,0.88,0.45,0.59,-2.48,-2.29
65.24,0.88,0.44,0.59,-2.2,-2.15
65.31,0.87,0.44,0.58,-2.65,-2.48
65.38,0.87,0.44,0.57,-2.42,-1.92
65.45,0.86,0.43,0.58,-2.01,-2.26
65.52,0.86,0.43,0.57,-1.95,-1.81
65.59,0.86,0.43,0.58,-1.67,-1.76
65.66,0.85,0.43,0.56,-2.17,-1.48
65.73,0.85,0.42,0.55,-2.04,-1.51
65.8,0.85,0.42,0.54,-2.37,-1.59
65.87,0.84,0.42,0.53,-2.45,-1.9
65.94,0.84,0.42,0.52,-2.34,-1.87
66.01,0.83,0.41,0.52,-2.4,-2.37
66.08,0.83,0.41,0.52,-2.48,-2.51
66.15,0.82,0.41,0.52,-2.17,-2.06
66.22,0.82,0.41,0.51,-2.45,-2.4
66.29,0.81,0.4,0.51,-2.59,-2.17
66.36,0.81,0.4,0.51,-2.42,-2.4
66.43,0.8,0.4,0.51,-2.4,-2.65
66.5,0.8,0.39,0.51,-2.31,-2.54
66.57,0.79,0.39,0.52,-2.12,-2.2
66.64,0.79,0.39,0.52,-2.34,-2.45
66.71,0.78,0.39,0.52,-1.89,-2.06
66.78,0.78,0.38,0.53,-2.09,-2.34
66.85,0.77,0.38,0.53,-2.28,-2.34
66.92,0.77,0.38,0.53,-2.03,-2.2
66.99,0.77,0.38,0.54,-2.23,-2.45
67.06,0.76,0.37,0.54,-1.95,-2.15
67.13,0.76,0.37,0.54,-1.78,-1.95
67.2,0.75,0.37,0.55,-1.95,-2.31
67.27,0.75,0.37,0.55,-1.76,-1.87
67.34,0.74,0.36,0.55,-2.37,-2.51
67.41,0.74,0.36,0.56,-2.54,-2.59
67.48,0.73,0.36,0.55,-2.81,-2.76
67.55,0.73,0.35,0.55,-2.98,-2.87
67.62,0.72,0.35,0.55,-2.84,-2.87
67.69,0.72,0.35,0.56,-2.37,-2.59
67.76,0.71,0.34,0.56,-2.2,-2.37
67.83,0.71,0.34,0.56,-2.4,-2.31
67.9,0.7,0.34,0.56,-2.28,-2.2
67.97,0.7,0.33,0.55,-2.4,-2.23
68.04,0.69,0.33,0.55,-2.45,-2.48
68.11,0.69,0.33,0.56,-2.29,-2.34
68.18,0.68,0.33,0.56,-2.26,-2.37
68.25,0.68,0.32,0.56,-1.95,-2.34
68.32,0.68,0.32,0.56,-2.06,-1.81
68.39,0.67,0.32,0.56,-2.03,-1.78
68.46,0.67,0.32,0.54,-2.01,-1.23
68.53,0.67,0.31,0.53,-1.95,-1.45
68.6,0.66,0.31,0.52,-1.92,-1.42
68.67,0.66,0.31,0.51,-2.31,-1.84
68.74,0.65,0.31,0.51,-2.26,-2.09
68.81,0.65,0.3,0.5,-2.51,-2.23
68.88,0.64,0.3,0.49,-2.45,-2.03
68.95,0.64,0.3,0.49,-2.48,-2.2
69.02,0.63,0.3,0.48,-2.56,-2.26
69.09,0.63,0.29,0.48,-2.51,-2.23
69.16,0.62,0.29,0.48,-2.4,-2.4
69.23,0.62,0.29,0.48,-2.29,-2.26
69.3,0.61,0.29,0.48,-2.43,-2.4
69.37,0.61,0.28,0.48,-2.23,-2.37
69.44,0.6,0.28,0.48,-2.34,-2.29
69.51,0.6,0.28,0.48,-2.4,-2.4
69.58,0.59,0.28,0.48,-2.17,-2.23
69.65,0.59,0.27,0.48,-2.06,-2.12
69.72,0.58,0.27,0.48,-1.98,-2.15
69.79,0.58,0.27,0.48,-2.03,-1.81
69.86,0.58,0.27,0.48,-1.92,-1.98
69.93,0.57,0.26,0.48,-1.78,-1.98
70.0,0.57,0.26,0.49,-2.2,-2.34
70.07,0.56,0.26,0.49,-2.42,-2.42
70.14,0.56,0.26,0.49,-2.62,-2.59
70.21,0.55,0.25,0.49,-2.76,-2.76
70.28,0.55,0.25,0.49,-2.54,-2.76
70.35,0.54,0.25,0.5,-2.42,-2.68
70.42,0.54,0.24,0.5,-2.37,-2.62
70.49,0.53,0.24,0.51,-2.23,-2.54
70.56,0.53,0.24,0.51,-2.4,-2.51
70.63,0.52,0.24,0.5,-2.65,-2.37
70.7,0.52,0.23,0.5,-2.56,-2.31
70.77,0.51,0.23,0.5,-2.42,-2.59
70.84,0.5,0.23,0.5,-2.29,-2.31
70.91,0.5,0.23,0.51,-1.9,-2.31
70.98,0.5,0.22,0.51,-2.2,-2.31
71.05,0.49,0.22,0.51,-2.01,-1.92
71.12,0.49,0.22,0.51,-2.29,-2.06
71.19,0.48,0.22,0.5,-2.45,-1.9
71.26,0.48,0.21,0.49,-2.37,-1.9
71.33,0.47,0.21,0.48,-2.45,-2.23
71.4,0.47,0.21,0.48,-2.37,-2.34
71.47,0.46,0.21,0.48,-2.12,-2.2
71.54,0.46,0.2,0.48,-2.37,-1.95
71.61,0.45,0.2,0.47,-2.62,-2.26
71.68,0.45,0.2,0.46,-2.42,-2.15
71.75,0.44,0.2,0.46,-2.37,-2.17
71.82,0.44,0.19,0.46,-2.42,-2.37
71.89,0.43,0.19,0.46,-2.17,-2.06
71.96,0.43,0.19,0.46,-2.31,-2.43
72.03,0.42,0.19,0.46,-2.34,-2.31
72.1,0.42,0.18,0.46,-2.15,-2.17
72.17,0.41,0.18,0.46,-2.4,-2.51
72.24,0.41,0.18,0.46,-2.34,-2.26
72.31,0.41,0.18,0.46,-2.17,-2.09
72.38,0.4,0.17,0.46,-2.34,-2.29
72.45,0.4,0.17,0.45,-1.98,-1.84
72.52,0.39,0.17,0.45,-2.2,-2.09
72.59,0.39,0.17,0.45,-2.51,-2.31
72.66,0.38,0.16,0.45,-2.42,-2.45
72.73,0.38,0.16,0.45,-2.73,-2.68
72.8,0.37,0.16,0.44,-2.65,-2.51
72.87,0.36,0.16,0.44,-2.4,-2.34
72.94,0.36,0.15,0.45,-2.31,-2.45
73.01,0.35,0.15,0.44,-2.31,-2.17
73.08,0.35,0.15,0.45,-2.06,-2.23
73.15,0.35,0.15,0.45,-2.37,-2.51
73.22,0.34,0.14,0.45,-2.31,-2.37
73.29,0.33,0.14,0.45,-2.45,-2.4
73.36,0.33,0.14,0.45,-2.48,-2.54
73.43,0.32,0.14,0.45,-2.01,-2.15
73.5,0.32,0.14,0.46,-1.9,-2.43
73.57,0.32,0.13,0.47,-2.26,-2.59
73.64,0.31,0.13,0.47,-2.31,-2.42
73.71,0.3,0.13,0.47,-2.48,-2.48
73.78,0.3,0.12,0.47,-2.48,-2.4
73.85,0.3,0.12,0.46,-2.09,-1.78
73.92,0.29,0.12,0.46,-2.17,-2.01
73.99,0.29,0.12,0.46,-2.09,-1.98
74.06,0.28,0.12,0.46,-2.34,-2.34
74.13,0.28,0.11,0.46,-2.45,-2.28
74.2,0.27,0.11,0.45,-2.37,-2.12
74.27,0.27,0.11,0.45,-2.56,-2.43
74.34,0.26,0.11,0.44,-2.73,-2.2
74.41,0.26,0.1,0.44,-2.26,-2.2
74.48,0.25,0.1,0.44,-2.29,-2.45
74.55,0.25,0.1,0.43,-2.37,-2.09
74.62,0.24,0.1,0.44,-2.26,-2.31
74.69,0.24,0.09,0.44,-2.4,-2.54
74.76,0.23,0.09,0.43,-2.34,-2.12
74.83,0.23,0.09,0.43,-2.26,-2.26
74.9,0.22,0.09,0.43,-2.34,-2.2
74.97,0.22,0.09,0.43,-2.2,-2.01
75.04,0.21,0.08,0.43,-2.09,-2.23
75.11,0.21,0.08,0.42,-2.09,-1.81
75.18,0.2,0.08,0.43,-1.81,-1.95
75.25,0.2,0.08,0.42,-2.26,-1.9
75.32,0.19,0.08,0.42,-2.42,-2.37
75.39,0.19,0.07,0.41,-2.51,-2.26
75.46,0.18,0.07,0.41,-2.7,-2.45
75.53,0.18,0.07,0.41,-2.9,-2.73
75.6,0.17,0.07,0.4,-2.59,-2.45
75.67,0.17,0.06,0.4,-2.31,-2.34
75.74,0.16,0.06,0.4,-2.51,-2.43
75.81,0.16,0.06,0.4,-2.45,-2.34
75.88,0.15,0.06,0.4,-2.56,-2.37
75.95,0.14,0.05,0.4,-2.62,-2.68
76.02,0.14,0.05,0.4,-2.31,-2.37
76.09,0.13,0.05,0.4,-2.01,-2.29
76.16,0.13,0.05,0.41,-2.17,-2.48
76.23,0.13,0.05,0.41,-2.06,-2.2
76.3,0.12,0.04,0.42,-2.31,-2.48
76.37,0.11,0.04,0.42,-2.2,-2.54
76.44,0.11,0.04,0.42,-2.62,-2.45
76.51,0.1,0.04,0.41,-2.62,-2.12
76.58,0.1,0.03,0.4,-2.68,-2.06
76.65,0.09,0.03,0.39,-2.29,-1.73
76.72,0.09,0.03,0.38,-2.54,-2.2
76.79,0.08,0.03,0.37,-2.45,-2.17
76.86,0.08,0.03,0.37,-2.4,-2.34
76.93,0.07,0.02,0.38,-2.43,-2.56
77.0,0.07,0.02,0.38,-2.26,-2.26
77.07,0.06,0.02,0.38,-2.09,-2.29
77.14,0.06,0.02,0.38,-2.23,-2.2
77.21,0.06,0.02,0.38,-1.62,-1.62
77.28,0.05,0.01,0.38,-2.23,-2.26
77.35,0.05,0.01,0.38,-1.92,-2.03
77.42,0.04,0.01,0.39,-2.34,-2.48
77.49,0.03,0.01,0.39,-2.48,-2.54
77.56,0.03,0.01,0.39,-2.09,-2.12
77.63,0.03,0.01,0.38,-1.73,-1.14
77.7,0.03,0.0,0.36,-0.59,-0.03
77.77,0.03,0.0,0.36,-0.17,0.0
77.84,0.03,0.0,0.36,-0.06,0.0
77.91,0.03,0.0,0.36,0.0,-0.2
77.98,0.03,0.0,0.36,0.0,0.0
78.05,0.03,0.0,0.36,0.0,0.0
78.12,0.03,0.0,0.36,0.0,0.0
78.19,0.03,0.0,0.36,-0.03,0.0
78.26,0.03,0.0,0.36,0.0,0.0
78.33,0.03,0.0,0.36,0.0,0.0
78.4,0.03,0.0,0.36,0.0,0.0
78.47,0.03,0.0,0.36,0.0,0.0
78.54,0.03,0.0,0.36,0.0,0.0
78.61,0.03,0.0,0.36,0.0,0.0
78.68,0.03,0.0,0.36,0.0,0.0
78.75,0.03,0.0,0.36,0.0,0.0
78.82,0.03,0.0,0.36,0.0,0.0
78.89,0.03,0.0,0.36,0.0,0.0
78.96,0.03,0.0,0.36,-0.03,0.0
79.03,0.03,0.0,0.36,-0.22,0.0
79.1,0.02,0.0,0.34,-0.92,0.0
79.17,0.02,0.0,0.31,-1.51,0.0
79.24,0.02,0.0,0.28,-1.39,0.0
79.31,0.02,0.0,0.26,-1.48,0.0
79.38,0.02,0.0,0.24,-0.81,0.0
79.45,0.02,0.0,0.24,-0.2,0.0
79.52,0.02,0.0,0.24,0.0,0.0
79.59,0.02,0.0,0.24,0.0,0.0
79.66,0.02,0.0,0.24,0.0,0.0
79.73,0.02,0.0,0.24,0.0,0.0
79.8,0.02,0.0,0.24,0.0,0.0
79.87,0.02,0.0,0.24,0.0,0.0
79.94,0.02,0.0,0.24,0.0,0.0
80.01,0.02,0.0,0.24,0.0,0.0
80.08,0.02,0.0,0.24,0.0,0.0
80.15,0.02,0.0,0.24,0.0,0.0
80.22,0.02,0.0,0.24,0.0,0.0
80.29,0.02,0.0,0.24,0.0,0.0
80.36,0.02,0.0,0.24,0.0,0.0
80.43,0.02,0.0,0.24,0.0,0.0
80.5,0.02,0.0,0.24,0.0,0.0
80.57,0.02,0.0,0.24,0.0,0.0
80.64,0.02,0.0,0.24,0.0,0.0
80.71,0.02,0.0,0.24,0.0,0.0
80.78,0.02,0.0,0.24,-0.03,0.0
80.85,0.02,0.0,0.23,-0.11,0.06
80.92,0.02,0.0,0.22,-0.59,0.0
80.99,0.02,0.0,0.2,-1.31,0.0
81.06,0.01,0.0,0.16,-1.9,0.0
81.13,0.01,0.0,0.13,-1.59,0.0
81.2,0.01,0.0,0.1,-1.51,0.0
81.27,0.01,0.0,0.1,-0.11,0.03
81.34,0.01,0.0,0.1,0.0,0.0
81.41,0.01,0.0,0.1,0.0,0.0
81.48,0.01,0.0,0.1,0.0,0.0
81.55,0.01,0.0,0.1,0.0,0.0
81.62,0.01,0.0,0.1,-0.03,0.0
81.69,0.01,0.0,0.1,0.0,0.03
81.76,0.01,0.0,0.1,0.0,0.0
81.83,0.01,0.0,0.1,0.0,0.0
81.9,0.01,0.0,0.1,0.0,0.0
81.97,0.01,0.0,0.1,0.0,0.0
82.04,0.01,0.0,0.1,0.0,0.03
82.11,0.01,0.0,0.09,0.0,0.03
82.18,0.01,0.0,0.08,0.0,0.92
82.25,0.01,0.0,0.04,0.0,1.87
82.32,0.02,0.0,-0.01,0.0,2.45
82.39,0.02,0.0,-0.06,0.0,2.56
82.46,0.02,0.0,-0.11,0.0,2.68
82.53,0.03,0.0,-0.16,0.0,2.43
82.6,0.03,0.0,-0.19,0.03,2.06
82.67,0.03,-0.0,-0.23,0.0,1.7
82.74,0.03,-0.0,-0.25,0.0,0.98
82.81,0.03,-0.0,-0.25,0.0,0.2
82.88,0.03,-0.0,-0.25,0.0,0.0
82.95,0.03,-0.0,-0.25,0.0,0.0
83.02,0.03,-0.0,-0.26,0.0,0.25
83.09,0.03,-0.0,-0.26,0.0,0.0
83.16,0.03,-0.0,-0.26,0.0,0.0
83.23,0.03,-0.0,-0.26,0.0,0.0
83.3,0.03,-0.0,-0.26,0.0,0.0
83.37,0.03,-0.0,-0.26,0.0,0.0
83.44,0.03,-0.0,-0.26,0.0,0.0
83.51,0.03,-0.0,-0.26,0.0,0.0
83.58,0.03,-0.0,-0.26,0.0,0.0
83.65,0.03,-0.0,-0.26,0.0,0.0
83.72,0.03,-0.0,-0.26,0.0,0.0
83.79,0.03,-0.0,-0.26,0.0,0.0
83.86,0.03,-0.0,-0.26,0.0,0.0
83.93,0.03,-0.0,-0.25,0.03,0.0
84.0,0.03,-0.0,-0.25,0.0,0.0
84.07,0.03,-0.0,-0.25,0.0,0.0
84.14,0.03,-0.0,-0.25,0.03,0.0
84.21,0.03,-0.0,-0.24,0.61,0.0
84.28,0.03,-0.0,-0.23,0.84,0.0
84.35,0.03,-0.0,-0.23,0.0,0.0
84.42,0.03,-0.0,-0.23,0.0,0.0
84.49,0.03,-0.0,-0.23,0.0,0.0
84.56,0.03,-0.0,-0.23,0.0,0.0
84.63,0.03,-0.0,-0.22,0.08,0.0
84.7,0.03,-0.0,-0.22,0.22,0.0
84.77,0.03,-0.0,-0.22,0.14,0.0
84.84,0.03,-0.0,-0.21,0.14,0.0
84.91,0.03,-0.0,-0.21,0.0,0.0
84.98,0.03,-0.0,-0.21,0.0,0.0
85.05,0.03,-0.0,-0.21,0.0,0.0
85.12,0.03,-0.0,-0.21,0.0,0.0
85.19,0.03,-0.0,-0.21,0.0,0.0
85.26,0.03,-0.0,-0.21,0.0,0.0
85.33,0.03,-0.0,-0.21,0.03,0.0
85.4,0.03,-0.0,-0.21,0.0,0.0
85.47,0.03,-0.0,-0.21,0.0,0.0
85.54,0.03,-0.0,-0.21,0.31,0.0
85.61,0.04,-0.0,-0.19,1.14,0.0
85.68,0.04,-0.0,-0.14,2.17,0.0
85.75,0.04,-0.0,-0.09,2.65,0.0
85.82,0.04,-0.0,-0.04,2.65,0.0
85.89,0.05,-0.0,0.01,2.59,0.0
85.96,0.05,-0.0,0.06,2.48,0.03
86.03,0.06,-0.0,0.07,2.29,1.51
86.1,0.06,-0.0,0.08,2.56,2.17
86.17,0.07,-0.0,0.08,3.01,2.81
86.24,0.08,-0.0,0.09,3.29,3.07
86.31,0.08,-0.0,0.09,2.98,2.87
86.38,0.09,0.0,0.09,2.84,2.65
86.45,0.09,0.0,0.09,2.34,2.26
86.52,0.1,0.0,0.09,1.9,2.17
86.59,0.1,0.0,0.09,1.9,1.95
86.66,0.11,0.0,0.08,1.59,1.87
86.73,0.11,0.0,0.08,1.59,1.48
86.8,0.12,0.0,0.08,1.42,1.62
86.87,0.12,0.0,0.09,1.76,1.37
86.94,0.12,0.0,0.09,1.51,1.64
87.01,0.13,0.0,0.09,1.76,1.78
87.08,0.13,0.0,0.08,1.48,1.78
87.15,0.13,0.0,0.08,1.65,1.87
87.22,0.14,0.0,0.07,1.67,1.9
87.29,0.14,0.0,0.07,1.73,1.87
87.36,0.15,0.01,0.06,1.67,2.01
87.43,0.15,0.01,0.06,1.87,2.09
87.5,0.16,0.01,0.05,1.98,2.23
87.57,0.16,0.01,0.05,2.09,2.09
87.64,0.17,0.01,0.05,2.15,2.48
87.71,0.17,0.01,0.04,2.12,2.29
87.78,0.18,0.01,0.04,2.09,2.37
87.85,0.18,0.01,0.03,2.2,2.43
87.92,0.19,0.01,0.03,1.95,2.17
87.99,0.19,0.01,0.02,1.73,2.09
88.06,0.2,0.01,0.02,1.64,1.98
88.13,0.2,0.01,0.01,1.87,1.9
88.2,0.21,0.01,0.01,1.92,2.31
88.27,0.21,0.01,0.01,2.31,2.34
88.34,0.22,0.01,0.01,2.48,2.48
88.41,0.22,0.01,0.0,2.31,2.48
88.48,0.23,0.01,0.0,2.31,2.31
88.55,0.24,0.01,0.0,2.26,2.2
88.62,0.24,0.01,0.0,2.12,2.2
88.69,0.25,0.01,0.01,2.29,1.95
88.76,0.25,0.01,0.01,2.06,2.26
88.83,0.26,0.01,0.01,2.31,2.26
88.9,0.26,0.01,0.01,2.51,2.4
88.97,0.27,0.01,0.01,2.42,2.48
89.04,0.27,0.01,0.01,2.59,2.37
89.11,0.28,0.01,0.01,2.48,2.42
89.18,0.28,0.01,0.01,2.15,2.31
89.25,0.29,0.01,0.01,2.29,2.34
89.32,0.3,0.01,0.01,2.09,2.23
89.39,0.3,0.01,-0.0,1.84,2.29
89.46,0.31,0.01,-0.01,2.09,2.23
89.53,0.31,0.01,-0.01,2.2,2.48
89.6,0.32,0.01,-0.01,2.42,2.31
89.67,0.32,0.01,-0.01,2.17,2.01
89.74,0.33,0.01,-0.0,2.31,2.26
89.81,0.33,0.01,-0.0,2.31,2.2
89.88,0.34,0.01,-0.0,2.31,2.34
89.95,0.34,0.01,-0.01,2.34,2.48
90.02,0.35,0.01,-0.0,2.42,2.4
90.09,0.36,0.01,-0.01,2.34,2.54
90.16,0.36,0.01,-0.01,2.31,2.51
90.23,0.37,0.01,-0.01,2.34,2.15
90.3,0.37,0.01,-0.01,2.51,2.62
90.37,0.38,0.01,-0.01,2.34,2.51
90.44,0.38,0.01,-0.02,2.42,2.54
90.51,0.39,0.01,-0.02,2.48,2.54
90.58,0.4,0.01,-0.02,2.45,2.59
90.65,0.4,0.01,-0.02,2.15,2.26
90.72,0.41,0.01,-0.03,1.78,2.43
90.79,0.41,0.01,-0.04,1.95,2.15
90.86,0.42,0.01,-0.03,2.43,2.12
90.93,0.42,0.01,-0.03,2.62,2.37
91.0,0.43,0.01,-0.02,2.56,2.31
91.07,0.43,0.01,-0.02,2.4,2.31
91.14,0.44,0.01,-0.02,2.23,2.31
91.21,0.44,0.01,-0.02,2.17,2.03
91.28,0.45,0.01,-0.02,2.17,2.15
91.35,0.45,0.01,-0.02,2.2,2.12
91.42,0.46,0.01,-0.02,2.29,2.23
91.49,0.47,0.01,-0.01,2.51,2.4
91.56,0.47,0.01,-0.01,2.59,2.37
91.63,0.48,0.01,-0.01,2.56,2.37
91.7,0.48,0.01,-0.01,2.48,2.56
91.77,0.49,0.01,-0.01,2.48,2.42
91.84,0.5,0.01,-0.01,2.4,2.34
91.91,0.5,0.01,-0.01,2.12,2.37
91.98,0.51,0.01,-0.01,2.23,2.37
92.05,0.51,0.01,-0.02,2.26,2.37
92.12,0.52,0.01,-0.02,2.37,2.56
92.19,0.52,0.0,-0.02,2.4,2.29
92.26,0.53,0.0,-0.02,2.2,2.12
92.33,0.53,0.0,-0.02,2.29,2.34
92.4,0.54,0.0,-0.01,2.17,1.95
92.47,0.54,0.0,-0.01,2.03,2.12
92.54,0.55,0.0,-0.01,2.17,2.03
92.61,0.55,0.0,-0.01,2.09,1.98
92.68,0.56,0.0,-0.01,2.4,2.34
92.75,0.57,0.0,-0.01,2.51,2.4
92.82,0.57,0.0,-0.01,2.48,2.59
92.89,0.58,0.0,-0.01,2.59,2.68
92.96,0.58,0.0,-0.01,2.56,2.45
93.03,0.59,0.0,-0.01,2.48,2.62
93.1,0.6,0.0,-0.01,2.48,2.56
93.17,0.6,0.0,-0.01,2.37,2.29
93.24,0.61,0.0,-0.01,2.15,2.17
93.31,0.61,0.0,-0.02,1.76,2.17
93.38,0.62,0.0,-0.03,1.92,2.29
93.45,0.62,0.0,-0.03,2.31,2.37
93.52,0.63,0.0,-0.02,2.48,2.29
93.59,0.63,0.0,-0.02,2.48,2.2
93.66,0.64,0.0,-0.01,2.51,2.23
93.73,0.64,0.0,-0.01,2.34,2.15
93.8,0.65,0.0,-0.01,2.26,2.17
93.87,0.65,0.0,-0.0,2.26,2.12
93.94,0.66,0.0,0.0,2.37,2.09
94.01,0.66,0.0,-0.0,2.2,2.29
94.08,0.67,0.0,0.01,2.56,2.26
94.15,0.68,0.0,0.01,2.62,2.29
94.22,0.68,0.0,0.01,2.56,2.45
94.29,0.69,0.0,0.02,2.48,2.4
94.36,0.69,0.0,0.02,2.37,2.29
94.43,0.7,0.0,0.01,2.26,2.45
94.5,0.7,0.0,0.01,2.17,2.23
94.57,0.71,0.0,0.01,2.09,2.29
94.64,0.71,0.0,-0.0,1.78,2.26
94.71,0.72,0.0,-0.01,2.01,2.34
94.78,0.73,0.0,-0.02,1.98,2.45
94.85,0.73,0.0,-0.02,2.15,2.23
94.92,0.74,0.0,-0.02,2.12,2.09
94.99,0.74,0.0,-0.02,2.23,2.17
95.06,0.75,0.0,-0.01,2.34,2.01
95.13,0.75,0.0,-0.01,2.23,2.17
95.2,0.76,0.0,-0.01,2.29,2.15
95.27,0.76,0.0,-0.01,2.15,2.12
95.34,0.77,0.0,-0.01,2.37,2.48
95.41,0.77,0.0,-0.01,2.48,2.42
95.48,0.78,0.0,-0.01,2.51,2.51
95.55,0.79,0.0,-0.01,2.48,2.7
95.62,0.79,0.0,-0.01,2.56,2.56
95.69,0.8,0.0,-0.01,2.51,2.62
95.76,0.8,0.0,-0.01,2.59,2.68
95.83,0.81,0.0,-0.01,2.56,2.42
95.9,0.82,0.0,-0.01,2.42,2.51
95.97,0.82,0.0,-0.02,2.2,2.62
96.04,0.83,0.0,-0.02,2.31,2.45
96.11,0.83,0.0,-0.02,2.45,2.4
96.18,0.84,0.0,-0.02,2.7,2.43
96.25,0.84,0.0,-0.01,2.59,2.23
96.32,0.85,0.0,-0.0,2.65,2.29
96.39,0.86,0.0,-0.0,2.42,2.37
96.46,0.86,0.0,-0.0,2.37,2.26
96.53,0.87,0.0,0.0,2.4,2.15
96.6,0.87,0.0,0.0,2.23,2.31
96.67,0.88,0.0,0.01,2.42,2.23
96.74,0.88,0.0,0.01,2.31,2.2
96.81,0.89,0.0,0.01,2.26,2.31
96.88,0.89,0.0,0.01,2.4,2.15
96.95,0.9,0.0,0.01,2.2,2.2
97.02,0.9,0.0,0.01,2.15,2.2
97.09,0.91,0.0,0.01,2.29,2.17
97.16,0.92,0.0,0.01,2.06,2.26
97.23,0.92,0.0,0.01,2.12,2.31
97.3,0.93,0.0,0.0,2.15,2.37
97.37,0.93,0.0,-0.01,2.12,2.54
97.44,0.94,0.0,-0.0,2.42,2.23
97.51,0.94,0.0,-0.0,2.15,2.09
97.58,0.95,0.0,0.0,2.12,1.98
97.65,0.95,0.0,0.01,2.23,2.01
97.72,0.96,0.0,-0.0,1.9,2.23
97.79,0.96,0.0,-0.0,2.09,2.06
97.86,0.97,0.0,-0.01,1.95,2.23
97.93,0.97,0.0,-0.01,2.23,2.2
98.0,0.98,0.0,-0.01,2.15,2.34
98.07,0.98,0.0,-0.01,2.12,2.4
98.14,0.99,0.0,-0.02,2.31,2.34
98.21,0.99,0.0,-0.02,2.37,2.42
98.28,1.0,0.0,-0.02,2.42,2.59
98.35,1.01,0.0,-0.02,2.34,2.37
98.42,1.01,0.0,-0.02,2.34,2.45
98.49,1.02,0.0,-0.02,2.28,2.34
98.56,1.02,0.0,-0.02,2.06,2.12
98.63,1.03,0.0,-0.03,1.92,2.29
98.7,1.03,0.0,-0.04,1.92,2.26
98.77,1.04,0.0,-0.04,2.17,2.17
98.84,1.04,0.0,-0.03,2.42,2.2
98.91,1.05,0.0,-0.03,2.34,2.12
98.98,1.05,0.0,-0.03,2.31,2.29
99.05,1.06,0.0,-0.03,2.26,2.17
99.12,1.06,0.0,-0.03,2.2,2.17
99.19,1.07,0.0,-0.02,2.4,2.29
99.26,1.07,0.0,-0.02,2.34,2.15
99.33,1.08,-0.0,-0.02,2.34,2.34
99.4,1.09,-0.0,-0.02,2.51,2.37
99.47,1.09,-0.0,-0.01,2.45,2.06
99.54,1.1,-0.0,-0.01,2.51,2.42
99.61,1.1,-0.0,-0.01,2.48,2.45
99.68,1.11,-0.0,-0.01,2.54,2.45
99.75,1.12,-0.0,-0.01,2.51,2.48
99.82,1.12,-0.0,-0.01,2.34,2.4
99.89,1.13,-0.0,-0.01,2.4,2.31
99.96,1.13,-0.0,-0.01,2.29,2.62
100.03,1.14,-0.0,-0.01,2.34,2.37
100.1,1.14,-0.0,-0.01,2.37,2.23
100.17,1.15,-0.0,-0.01,2.23,2.26
100.24,1.15,-0.0,-0.01,2.2,2.2
100.31,1.16,-0.0,-0.01,2.26,2.06
100.38,1.16,-0.0,-0.01,2.2,2.29
100.45,1.17,-0.0,-0.01,2.23,2.12
100.52,1.17,-0.0,-0.01,2.17,2.37
100.59,1.18,-0.0,-0.01,2.23,2.42
100.66,1.19,-0.0,-0.01,2.34,2.4
100.73,1.19,-0.0,-0.02,2.34,2.51
100.8,1.2,-0.0,-0.02,2.48,2.51
100.87,1.2,-0.0,-0.02,2.45,2.4
100.94,1.21,-0.0,-0.02,2.37,2.54
101.01,1.22,-0.0,-0.02,2.48,2.56
101.08,1.22,-0.0,-0.02,2.34,2.34
101.15,1.23,-0.0,-0.03,2.23,2.4
101.22,1.23,-0.0,-0.03,2.03,2.17
101.29,1.24,-0.0,-0.03,1.9,2.06
101.36,1.24,-0.0,-0.03,2.2,2.2
101.43,1.25,-0.0,-0.03,2.2,2.09
101.5,1.25,-0.0,-0.03,2.4,2.26
101.57,1.26,-0.0,-0.03,2.42,2.37
101.64,1.26,-0.0,-0.02,2.34,2.23
101.71,1.27,-0.0,-0.02,2.26,2.31
101.78,1.27,-0.0,-0.02,2.15,2.04
101.85,1.28,-0.0,-0.02,2.17,2.06
101.92,1.28,-0.0,-0.02,2.2,2.12
101.99,1.29,-0.0,-0.02,2.23,2.06
102.06,1.29,-0.0,-0.01,2.37,2.34
102.13,1.3,-0.0,-0.01,2.51,2.29
102.2,1.31,-0.0,-0.01,2.59,2.45
102.27,1.31,-0.0,-0.01,2.51,2.59
102.34,1.32,-0.0,-0.01,2.54,2.48
102.41,1.32,-0.0,-0.0,2.48,2.31
102.48,1.33,-0.0,-0.01,2.2,2.4
102.55,1.33,-0.0,-0.01,2.23,2.2
102.62,1.34,-0.0,-0.01,2.31,2.34
102.69,1.35,-0.0,-0.01,2.29,2.4
102.76,1.35,-0.0,-0.01,2.4,2.17
102.83,1.36,-0.0,-0.01,2.2,2.15
102.9,1.36,-0.0,-0.01,2.12,2.12
102.97,1.37,-0.0,-0.0,2.2,1.98
103.04,1.37,-0.0,-0.0,2.01,2.2
103.11,1.38,-0.0,-0.0,2.23,2.09
103.18,1.38,-0.0,-0.01,2.12,2.31
103.25,1.39,-0.0,-0.01,2.26,2.42
103.32,1.39,-0.0,-0.01,2.37,2.4
103.39,1.4,-0.0,-0.01,2.23,2.48
103.46,1.4,-0.0,-0.02,2.42,2.48
103.53,1.41,-0.0,-0.01,2.54,2.37
103.6,1.42,-0.0,-0.01,2.48,2.54
103.67,1.42,-0.0,-0.01,2.62,2.68
103.74,1.43,-0.0,-0.01,2.42,2.37
103.81,1.43,-0.0,-0.02,2.17,2.4
103.88,1.44,-0.0,-0.02,1.95,2.15
103.95,1.44,-0.01,-0.02,1.78,1.92
104.02,1.45,-0.01,-0.02,2.15,2.17
104.09,1.45,-0.01,-0.02,2.23,2.06
104.16,1.46,-0.01,-0.02,2.54,2.37
104.23,1.47,-0.01,-0.02,2.51,2.37
104.3,1.47,-0.01,-0.01,2.56,2.42
104.37,1.48,-0.01,-0.01,2.45,2.42
104.44,1.48,-0.01,-0.01,2.34,2.26
104.51,1.49,-0.01,-0.01,2.31,2.09
104.58,1.49,-0.01,-0.01,2.23,2.26
104.65,1.5,-0.01,-0.0,2.34,2.12
104.72,1.5,-0.01,0.0,2.62,2.43
104.79,1.51,-0.01,0.0,2.48,2.54
104.86,1.52,-0.01,0.0,2.73,2.54
104.93,1.52,-0.01,0.01,2.62,2.45
105.0,1.53,-0.01,0.01,2.48,2.48
105.07,1.53,-0.01,0.01,2.34,2.42
105.14,1.54,-0.01,0.0,2.29,2.34
105.21,1.55,-0.01,-0.0,2.06,2.45
105.28,1.55,-0.01,-0.0,2.29,2.31
105.35,1.56,-0.01,-0.0,2.23,2.2
105.42,1.56,-0.01,-0.0,2.23,2.23
105.49,1.57,-0.01,0.0,2.31,2.09
105.56,1.57,-0.01,0.0,2.23,2.2
105.63,1.58,-0.01,0.0,2.17,2.23
105.7,1.58,-0.01,0.0,2.17,2.2
105.77,1.59,-0.01,-0.0,2.2,2.45
105.84,1.59,-0.01,-0.0,2.37,2.29
105.91,1.6,-0.01,-0.0,2.34,2.37
105.98,1.6,-0.01,-0.01,2.29,2.4
106.05,1.61,-0.01,-0.0,2.51,2.34
106.12,1.62,-0.01,-0.0,2.51,2.45
106.19,1.62,-0.01,-0.01,2.4,2.65
106.26,1.63,-0.01,-0.01,2.51,2.51
106.33,1.63,-0.01,-0.01,2.51,2.51
106.4,1.64,-0.01,-0.01,2.34,2.48
106.47,1.65,-0.01,-0.01,2.2,2.34
106.54,1.65,-0.01,-0.02,2.01,2.34
106.61,1.66,-0.01,-0.02,2.23,2.48
106.68,1.66,-0.01,-0.02,2.23,2.26
106.75,1.67,-0.01,-0.02,2.48,2.34
106.82,1.67,-0.01,-0.01,2.4,1.98
106.89,1.68,-0.01,-0.01,2.26,2.09
106.96,1.68,-0.01,-0.01,2.03,2.2
107.03,1.69,-0.01,-0.01,2.15,1.87
107.1,1.69,-0.01,-0.01,2.2,2.2
107.17,1.7,-0.01,-0.01,2.29,2.23
107.24,1.7,-0.01,-0.0,2.4,2.31
107.31,1.71,-0.01,-0.0,2.56,2.48
107.38,1.72,-0.01,0.0,2.68,2.45
107.45,1.72,-0.01,0.01,2.62,2.4
107.52,1.73,-0.01,0.0,2.45,2.48
107.59,1.73,-0.01,0.0,2.31,2.42
107.66,1.74,-0.01,0.0,2.34,2.26
107.73,1.74,-0.01,-0.0,1.95,2.26
107.8,1.75,-0.01,-0.0,2.23,2.4
107.87,1.75,-0.01,-0.01,2.2,2.4
107.94,1.76,-0.01,-0.01,2.37,2.59
108.01,1.77,-0.01,-0.01,2.42,2.34
108.08,1.77,-0.01,-0.01,2.26,2.15
108.15,1.78,-0.01,-0.01,2.15,2.23
108.22,1.78,-0.01,-0.01,2.15,1.9
108.29,1.79,-0.01,-0.01,2.03,2.12
108.36,1.79,-0.01,-0.01,2.17,2.09
108.43,1.8,-0.01,-0.0,2.26,2.15
108.5,1.8,-0.01,-0.0,2.29,2.31
108.57,1.81,-0.01,-0.0,2.51,2.42
108.64,1.81,-0.01,-0.0,2.42,2.48
108.71,1.82,-0.01,-0.01,2.56,2.65
108.78,1.83,-0.01,-0.01,2.48,2.48
108.85,1.83,-0.01,-0.01,2.56,2.56
108.92,1.84,-0.01,-0.01,2.42,2.51
108.99,1.84,-0.01,-0.0,2.42,2.2
109.06,1.85,-0.01,-0.01,2.2,2.34
109.13,1.85,-0.01,-0.02,1.84,2.34
109.2,1.86,-0.01,-0.02,1.92,2.2
109.27,1.86,-0.01,-0.02,2.31,2.31
109.34,1.87,-0.01,-0.02,2.51,2.31
109.41,1.88,-0.01,-0.01,2.48,2.37
109.48,1.88,-0.01,-0.02,2.37,2.45
109.55,1.89,-0.01,-0.01,2.31,2.17
109.62,1.89,-0.01,-0.01,2.12,2.12
109.69,1.9,-0.01,-0.01,2.17,2.2
109.76,1.9,-0.01,-0.01,2.26,2.03
109.83,1.91,-0.01,-0.01,2.17,2.17
109.9,1.91,-0.01,-0.01,2.54,2.31
109.97,1.92,-0.01,-0.0,2.59,2.34
110.04,1.93,-0.01,0.0,2.56,2.51
110.11,1.93,-0.01,0.0,2.62,2.51
110.18,1.94,-0.01,0.0,2.54,2.48
110.25,1.94,-0.01,0.0,2.29,2.4
110.32,1.95,-0.01,0.0,2.23,2.23
110.39,1.95,-0.01,0.0,2.34,2.29
110.46,1.96,-0.01,-0.0,2.17,2.4
110.53,1.97,-0.01,-0.0,2.4,2.34
110.6,1.97,-0.01,0.0,2.34,2.26
110.67,1.97,-0.01,-0.02,0.64,1.59
110.74,1.97,-0.01,-0.03,0.0,0.7
110.81,1.97,-0.01,-0.03,0.0,0.06
110.88,1.97,-0.01,-0.03,0.0,0.0
110.95,1.97,-0.01,-0.03,0.0,0.0
111.02,1.97,-0.01,-0.03,0.0,0.0
111.09,1.97,-0.01,-0.03,0.0,0.03
111.16,1.97,-0.01,-0.03,0.0,0.0
111.23,1.97,-0.01,-0.03,0.0,0.0
111.3,1.97,-0.01,-0.03,0.0,0.0
111.37,1.97,-0.01,-0.03,0.0,0.0
111.44,1.97,-0.01,-0.03,0.0,0.0
111.51,1.97,-0.01,-0.03,0.0,0.0
111.58,1.97,-0.01,-0.03,0.0,0.0
111.65,1.97,-0.01,-0.03,0.0,0.0
111.72,1.97,-0.01,-0.03,0.0,0.0
111.79,1.97,-0.01,-0.03,0.0,0.0
111.86,1.97,-0.01,-0.03,0.0,0.0
111.93,1.97,-0.01,-0.03,0.0,0.0
112.0,1.97,-0.01,-0.03,0.0,0.0
112.07,1.97,-0.01,-0.03,0.0,0.0
112.14,1.97,-0.01,-0.03,0.0,0.0
112.21,1.97,-0.01,-0.03,0.0,0.03
112.28,1.97,-0.01,-0.03,0.0,0.0
112.35,1.97,-0.01,-0.03,0.0,0.06
112.42,1.98,-0.01,-0.05,0.0,0.81
112.49,1.98,-0.01,-0.08,0.0,1.78
112.56,1.98,-0.01,-0.13,0.0,2.34
112.63,1.98,-0.01,-0.18,0.0,2.4
112.7,1.99,-0.01,-0.21,0.0,1.9
112.77,1.99,-0.01,-0.24,0.0,1.62
112.84,1.99,-0.01,-0.26,0.0,0.84
112.91,1.99,-0.01,-0.26,0.0,0.14
112.98,1.99,-0.01,-0.26,0.0,0.0
113.05,1.99,-0.01,-0.26,0.0,0.0
113.12,1.99,-0.01,-0.26,0.0,0.0
113.19,1.99,-0.01,-0.26,0.0,0.0
113.26,1.99,-0.01,-0.26,0.0,0.0
113.33,1.99,-0.01,-0.26,-0.03,0.0
113.4,1.99,-0.01,-0.26,0.0,0.0
113.47,1.99,-0.01,-0.26,0.0,0.0
113.54,1.99,-0.01,-0.26,0.0,0.0
113.61,1.99,-0.01,-0.26,0.0,0.0
113.68,1.99,-0.01,-0.26,0.0,0.0
113.75,1.99,-0.01,-0.26,0.0,0.0
113.82,1.99,-0.01,-0.26,0.0,0.0
113.89,1.99,-0.01,-0.26,0.0,0.0
113.96,1.99,-0.01,-0.26,0.0,0.0
114.03,1.99,-0.01,-0.26,-0.03,0.0
114.1,1.99,-0.01,-0.26,0.0,0.0
114.17,1.99,-0.01,-0.26,0.0,0.0
114.24,1.99,-0.01,-0.26,0.0,0.0
114.31,1.99,-0.01,-0.26,0.0,0.0
114.38,1.99,-0.01,-0.26,0.0,0.03
114.45,1.99,-0.01,-0.26,0.0,0.0
114.52,1.99,-0.01,-0.26,0.0,0.0
114.59,1.99,-0.01,-0.27,-0.03,0.0
114.66,1.99,-0.01,-0.27,-0.03,0.0
114.73,1.99,-0.01,-0.27,-0.39,0.0
114.8,1.99,-0.01,-0.29,-0.84,0.0
114.87,1.99,-0.01,-0.32,-1.51,0.0
114.94,1.98,-0.01,-0.35,-1.56,0.0
115.01,1.98,-0.01,-0.39,-1.98,0.0
115.08,1.98,-0.01,-0.42,-1.7,0.0
115.15,1.98,-0.01,-0.45,-1.76,0.0
115.22,1.98,-0.01,-0.48,-1.28,0.0
115.29,1.97,-0.0,-0.51,-1.62,0.0
115.36,1.97,-0.0,-0.54,-1.56,0.0
115.43,1.97,-0.0,-0.57,-1.42,0.0
115.5,1.97,-0.0,-0.6,-1.67,0.0
115.57,1.97,-0.0,-0.63,-1.53,0.0
115.64,1.97,0.0,-0.66,-1.65,0.0
115.71,1.97,0.0,-0.67,-0.61,0.0
115.78,1.97,0.0,-0.67,-0.03,0.0
115.85,1.97,0.0,-0.68,-0.03,0.0
115.92,1.97,0.0,-0.68,-0.08,0.0
115.99,1.97,0.0,-0.68,-0.11,0.0
116.06,1.97,0.0,-0.68,-0.03,0.0
116.13,1.97,0.0,-0.68,0.0,0.0
116.2,1.97,0.0,-0.68,0.0,0.0
116.27,1.97,0.0,-0.68,0.0,0.0
116.34,1.97,0.0,-0.68,0.0,-0.03
116.41,1.97,0.0,-0.68,0.0,0.0
116.48,1.97,0.0,-0.68,0.0,0.0
116.55,1.97,0.0,-0.68,0.0,0.0
116.62,1.97,0.0,-0.68,0.0,0.0
116.69,1.97,0.0,-0.68,0.0,0.0
116.76,1.97,0.0,-0.68,0.0,0.0
116.83,1.97,0.0,-0.68,0.0,0.0
116.9,1.97,0.0,-0.68,0.0,0.0
116.97,1.97,0.0,-0.68,0.0,0.0
117.04,1.97,0.0,-0.68,0.0,0.0
117.11,1.97,0.0,-0.68,0.0,0.0
117.18,1.97,0.0,-0.68,0.0,0.0
117.25,1.97,0.0,-0.68,0.0,0.0
117.32,1.97,0.0,-0.68,0.0,0.0
117.39,1.97,0.0,-0.68,0.0,0.0
117.46,1.97,0.0,-0.68,0.0,0.0
117.53,1.97,0.0,-0.68,0.0,0.0
117.6,1.97,0.0,-0.68,0.0,0.0
117.67,1.97,0.0,-0.68,0.0,0.0
117.74,1.97,0.0,-0.68,0.0,0.0
117.81,1.97,0.0,-0.68,0.0,-0.03
117.88,1.97,0.0,-0.68,0.0,0.0
117.95,1.97,0.0,-0.68,0.0,0.0
118.02,1.97,0.0,-0.68,0.0,0.0
118.09,1.97,0.0,-0.68,0.0,0.0
118.16,1.97,0.0,-0.68,0.0,0.0
118.23,1.97,0.0,-0.68,0.0,0.0
118.3,1.97,0.0,-0.68,0.0,-0.11
118.37,1.96,0.0,-0.64,0.0,-1.95
118.44,1.96,0.0,-0.61,0.0,-1.56
118.51,1.96,0.0,-0.58,0.0,-1.34
118.58,1.96,0.01,-0.56,0.0,-1.34
118.65,1.96,0.01,-0.54,0.0,-0.95
118.72,1.96,0.01,-0.52,0.0,-1.0
118.79,1.96,0.01,-0.49,0.0,-1.62
118.86,1.95,0.01,-0.45,-0.03,-1.81
118.93,1.95,0.01,-0.42,-0.5,-2.26
119.0,1.95,0.01,-0.41,-1.56,-2.26
119.07,1.94,0.01,-0.4,-2.4,-2.51
119.14,1.94,0.02,-0.41,-2.9,-2.76
119.21,1.93,0.02,-0.41,-2.79,-2.76
119.28,1.92,0.02,-0.4,-2.42,-2.65
119.35,1.92,0.02,-0.4,-2.43,-2.73
119.42,1.91,0.03,-0.39,-2.34,-2.43
119.49,1.91,0.03,-0.4,-2.01,-1.89
119.56,1.9,0.03,-0.4,-2.12,-2.15
119.63,1.9,0.03,-0.4,-1.78,-1.78
119.7,1.9,0.03,-0.39,-1.98,-2.23
119.77,1.89,0.04,-0.39,-2.28,-2.23
119.84,1.88,0.04,-0.39,-2.4,-2.51
119.91,1.88,0.04,-0.39,-2.76,-2.76
119.98,1.87,0.04,-0.39,-2.82,-2.98
120.05,1.87,0.05,-0.38,-2.17,-2.4
120.12,1.86,0.05,-0.38,-2.03,-2.37
120.19,1.86,0.05,-0.37,-2.09,-2.34
120.26,1.85,0.05,-0.37,-1.95,-1.9
120.33,1.85,0.05,-0.37,-2.04,-1.9
120.4,1.85,0.05,-0.37,-1.64,-1.64
120.47,1.84,0.06,-0.38,-1.78,-1.7
120.54,1.84,0.06,-0.38,-1.51,-1.53
120.61,1.83,0.06,-0.37,-1.62,-1.76
120.68,1.83,0.06,-0.38,-1.67,-1.51
120.75,1.83,0.06,-0.38,-1.7,-1.59
120.82,1.82,0.06,-0.38,-1.87,-1.67
120.89,1.82,0.06,-0.39,-1.56,-1.17
120.96,1.82,0.07,-0.39,-1.84,-1.62
121.03,1.81,0.07,-0.4,-1.81,-1.28
121.1,1.81,0.07,-0.41,-2.04,-1.9
121.17,1.8,0.07,-0.41,-2.01,-1.87
121.24,1.8,0.07,-0.41,-2.31,-2.26
121.31,1.79,0.07,-0.41,-2.45,-2.34
121.38,1.79,0.08,-0.41,-2.26,-2.26
121.45,1.78,0.08,-0.41,-2.31,-2.31
121.52,1.78,0.08,-0.42,-2.26,-1.98
121.59,1.78,0.08,-0.42,-1.87,-2.03
121.66,1.77,0.09,-0.42,-1.92,-1.73
121.73,1.77,0.09,-0.42,-1.9,-1.84
121.8,1.76,0.09,-0.43,-2.23,-1.7
121.87,1.76,0.09,-0.43,-2.06,-2.01
121.94,1.75,0.09,-0.44,-2.17,-1.98
122.01,1.75,0.09,-0.44,-2.2,-1.98
122.08,1.75,0.1,-0.44,-1.92,-1.84
122.15,1.74,0.1,-0.45,-2.37,-2.01
122.22,1.74,0.1,-0.46,-2.31,-1.89
122.29,1.73,0.1,-0.46,-2.12,-1.81
122.36,1.73,0.11,-0.47,-2.51,-2.12
122.43,1.72,0.11,-0.48,-2.37,-1.92
122.5,1.72,0.11,-0.49,-2.56,-2.2
122.57,1.71,0.11,-0.49,-2.56,-2.15
122.64,1.71,0.12,-0.5,-2.48,-2.26
122.71,1.7,0.12,-0.5,-2.48,-2.34
122.78,1.7,0.12,-0.51,-2.56,-2.29
122.85,1.69,0.12,-0.51,-2.56,-2.4
122.92,1.69,0.13,-0.51,-2.2,-2.17
122.99,1.68,0.13,-0.51,-2.2,-2.26
123.06,1.68,0.13,-0.5,-1.87,-2.37
123.13,1.67,0.13,-0.5,-2.17,-2.17
123.2,1.67,0.14,-0.49,-1.81,-2.34
123.27,1.66,0.14,-0.48,-2.09,-2.45
123.34,1.66,0.14,-0.47,-1.98,-2.51
123.41,1.66,0.14,-0.47,-2.15,-2.34
123.48,1.65,0.15,-0.47,-2.29,-2.37
123.55,1.65,0.15,-0.47,-2.09,-1.98
123.62,1.64,0.15,-0.47,-2.34,-2.09
123.69,1.64,0.15,-0.48,-2.56,-2.26
123.76,1.63,0.16,-0.48,-2.42,-2.31
123.83,1.63,0.16,-0.48,-2.56,-2.59
123.9,1.62,0.16,-0.48,-2.48,-2.45
123.97,1.62,0.16,-0.48,-2.06,-2.15
124.04,1.61,0.17,-0.48,-2.37,-2.45
124.11,1.61,0.17,-0.48,-2.26,-2.26
124.18,1.6,0.17,-0.48,-2.31,-2.4
124.25,1.6,0.17,-0.48,-2.48,-2.45
124.32,1.59,0.18,-0.48,-2.15,-2.17
124.39,1.59,0.18,-0.47,-2.15,-2.45
124.46,1.58,0.18,-0.47,-2.34,-2.43
124.53,1.58,0.18,-0.47,-1.95,-1.95
124.6,1.57,0.19,-0.47,-2.15,-2.26
124.67,1.57,0.19,-0.47,-2.2,-2.06
124.74,1.56,0.19,-0.46,-2.03,-2.26
124.81,1.56,0.19,-0.47,-2.51,-2.45
124.88,1.55,0.2,-0.47,-2.28,-1.95
124.95,1.55,0.2,-0.47,-2.31,-2.26
125.02,1.54,0.2,-0.48,-2.4,-2.12
125.09,1.54,0.2,-0.48,-2.01,-1.98
125.16,1.54,0.21,-0.48,-2.42,-2.15
125.23,1.53,0.21,-0.49,-2.23,-1.78
125.3,1.53,0.21,-0.49,-2.23,-2.26
125.37,1.52,0.21,-0.5,-2.62,-2.45
125.44,1.52,0.22,-0.5,-2.73,-2.65
125.51,1.51,0.22,-0.5,-2.87,-2.76
125.58,1.5,0.22,-0.5,-2.73,-2.7
125.65,1.5,0.23,-0.5,-2.42,-2.48
125.72,1.49,0.23,-0.49,-2.06,-2.48
125.79,1.49,0.23,-0.49,-2.15,-2.37
125.86,1.48,0.23,-0.48,-2.15,-2.29
125.93,1.48,0.24,-0.48,-2.01,-2.34
126.0,1.47,0.24,-0.48,-2.43,-2.31
126.07,1.47,0.24,-0.48,-2.15,-2.01
126.14,1.47,0.24,-0.48,-2.48,-2.4
126.21,1.46,0.25,-0.49,-2.43,-2.15
126.28,1.46,0.25,-0.49,-2.51,-2.45
126.35,1.45,0.25,-0.5,-2.65,-2.4
126.42,1.44,0.25,-0.5,-2.79,-2.62
126.49,1.44,0.26,-0.5,-2.68,-2.59
126.56,1.43,0.26,-0.5,-2.42,-2.54
126.63,1.43,0.26,-0.5,-2.4,-2.26
126.7,1.42,0.27,-0.5,-2.34,-2.34
126.77,1.42,0.27,-0.5,-2.29,-2.29
126.84,1.41,0.27,-0.5,-2.29,-2.15
126.91,1.41,0.27,-0.5,-2.34,-2.4
126.98,1.41,0.28,-0.51,-2.23,-1.98
127.05,1.4,0.28,-0.51,-2.45,-2.42
127.12,1.4,0.28,-0.51,-2.23,-1.98
127.19,1.39,0.28,-0.51,-2.2,-2.4
127.26,1.39,0.29,-0.51,-1.98,-2.15
127.33,1.38,0.29,-0.5,-2.12,-2.29
127.4,1.38,0.29,-0.51,-2.29,-2.12
127.47,1.37,0.29,-0.51,-2.48,-2.31
127.54,1.37,0.3,-0.52,-2.29,-1.76
127.61,1.36,0.3,-0.52,-2.54,-2.29
127.68,1.36,0.3,-0.53,-2.31,-2.12
127.75,1.35,0.3,-0.53,-2.17,-2.06
127.82,1.35,0.31,-0.53,-2.37,-2.17
127.89,1.35,0.31,-0.54,-2.31,-1.81
127.96,1.34,0.31,-0.55,-2.51,-2.29
128.03,1.34,0.32,-0.55,-2.7,-2.45
128.1,1.33,0.32,-0.55,-2.59,-2.65
128.17,1.32,0.32,-0.54,-2.23,-2.68
128.24,1.32,0.33,-0.54,-2.4,-2.73
128.31,1.32,0.33,-0.53,-1.62,-2.06
128.38,1.31,0.33,-0.52,-2.09,-2.51
128.45,1.31,0.33,-0.52,-2.48,-2.51
128.52,1.3,0.34,-0.53,-2.59,-2.26
128.59,1.3,0.34,-0.53,-2.68,-2.48
128.66,1.29,0.34,-0.54,-2.68,-2.31
128.73,1.29,0.34,-0.54,-2.12,-2.01
128.8,1.28,0.35,-0.54,-2.23,-2.12
128.87,1.28,0.35,-0.55,-2.17,-1.92
128.94,1.27,0.35,-0.55,-2.4,-2.12
129.01,1.27,0.36,-0.56,-2.73,-2.37
129.08,1.26,0.36,-0.56,-2.65,-2.51
129.15,1.26,0.36,-0.56,-2.45,-2.62
129.22,1.25,0.37,-0.56,-2.42,-2.54
129.29,1.25,0.37,-0.56,-2.26,-2.17
129.36,1.24,0.37,-0.55,-2.2,-2.34
129.43,1.24,0.37,-0.56,-2.34,-2.29
129.5,1.23,0.38,-0.55,-2.06,-2.2
129.57,1.23,0.38,-0.55,-2.2,-2.45
129.64,1.23,0.38,-0.55,-2.29,-2.23
129.71,1.22,0.39,-0.55,-2.09,-2.06
129.78,1.22,0.39,-0.55,-2.2,-2.34
129.85,1.21,0.39,-0.54,-2.01,-2.15
129.92,1.21,0.39,-0.54,-1.98,-2.43
129.99,1.2,0.4,-0.54,-2.54,-2.48
130.06,1.2,0.4,-0.54,-2.34,-2.31
130.13,1.19,0.4,-0.53,-2.31,-2.45
130.2,1.19,0.41,-0.53,-2.4,-2.45
130.27,1.18,0.41,-0.53,-2.01,-2.03
130.34,1.18,0.41,-0.53,-2.45,-2.54
130.41,1.17,0.41,-0.53,-2.31,-2.26
130.48,1.17,0.42,-0.53,-2.2,-2.42
130.55,1.16,0.42,-0.53,-2.7,-2.76
130.62,1.16,0.42,-0.52,-2.26,-2.68
130.69,1.15,0.43,-0.52,-2.54,-2.34
130.76,1.15,0.43,-0.52,-2.43,-2.48
130.83,1.14,0.43,-0.52,-1.92,-2.2
130.9,1.14,0.43,-0.51,-1.84,-2.15
130.97,1.14,0.44,-0.5,-1.9,-2.34
131.04,1.13,0.44,-0.5,-1.98,-1.92
131.11,1.13,0.44,-0.5,-1.81,-1.95
131.18,1.12,0.44,-0.5,-1.81,-1.76
131.25,1.12,0.44,-0.5,-1.62,-1.78
131.32,1.12,0.45,-0.51,-1.7,-1.31
131.39,1.11,0.45,-0.51,-1.7,-1.67
131.46,1.11,0.45,-0.51,-1.78,-1.37
131.53,1.11,0.45,-0.52,-1.51,-1.39
131.6,1.1,0.45,-0.52,-1.95,-1.53
131.67,1.1,0.45,-0.53,-1.81,-1.31
131.74,1.1,0.46,-0.54,-2.37,-1.92
131.81,1.09,0.46,-0.55,-2.56,-2.03
131.88,1.09,0.46,-0.56,-2.54,-2.31
131.95,1.08,0.47,-0.56,-2.48,-2.34
132.02,1.08,0.47,-0.56,-2.37,-2.2
132.09,1.07,0.47,-0.56,-2.01,-2.09
132.16,1.07,0.47,-0.57,-2.2,-1.76
132.23,1.06,0.48,-0.57,-1.95,-2.01
132.3,1.06,0.48,-0.57,-2.09,-1.84
132.37,1.06,0.48,-0.58,-2.15,-2.01
132.44,1.05,0.48,-0.58,-2.17,-1.78
132.51,1.05,0.49,-0.59,-2.29,-2.06
132.58,1.04,0.49,-0.59,-2.12,-2.03
132.65,1.04,0.49,-0.59,-2.09,-1.95
132.72,1.04,0.5,-0.59,-2.26,-2.17
132.79,1.03,0.5,-0.6,-2.17,-2.03
132.86,1.03,0.5,-0.6,-2.48,-2.4
132.93,1.02,0.51,-0.61,-2.76,-2.12
133.0,1.02,0.51,-0.62,-2.68,-2.45
133.07,1.01,0.51,-0.62,-2.62,-2.4
133.14,1.01,0.52,-0.63,-2.76,-2.09
133.21,1.0,0.52,-0.64,-2.4,-2.26
133.28,1.0,0.52,-0.64,-2.17,-2.01
133.35,1.0,0.52,-0.65,-2.37,-1.98
133.42,0.99,0.53,-0.65,-2.26,-2.17
133.49,0.99,0.53,-0.66,-2.43,-2.01
133.56,0.98,0.53,-0.66,-2.45,-2.37
133.63,0.98,0.54,-0.65,-2.01,-2.34
133.7,0.97,0.54,-0.65,-2.06,-2.37
133.77,0.97,0.54,-0.64,-1.9,-2.34
133.84,0.97,0.55,-0.63,-2.23,-2.34
133.91,0.96,0.55,-0.63,-2.28,-2.42
133.98,0.96,0.55,-0.63,-2.15,-2.48
134.05,0.95,0.56,-0.62,-2.45,-2.48
134.12,0.95,0.56,-0.62,-2.17,-2.29
134.19,0.94,0.56,-0.62,-2.15,-2.51
134.26,0.94,0.57,-0.61,-2.15,-2.26
134.33,0.93,0.57,-0.61,-2.03,-2.09
134.4,0.93,0.57,-0.61,-2.31,-2.23
134.47,0.93,0.58,-0.62,-2.26,-2.09
134.54,0.92,0.58,-0.62,-2.23,-2.34
134.61,0.92,0.58,-0.62,-2.56,-2.4
134.68,0.91,0.59,-0.62,-2.34,-2.4
134.75,0.91,0.59,-0.62,-2.4,-2.45
134.82,0.9,0.59,-0.62,-2.06,-1.87
134.89,0.9,0.59,-0.62,-1.98,-1.98
134.96,0.9,0.6,-0.63,-2.2,-1.87
135.03,0.89,0.6,-0.62,-2.01,-2.2
135.1,0.89,0.6,-0.62,-2.01,-2.26
135.17,0.88,0.61,-0.62,-2.29,-2.01
135.24,0.88,0.61,-0.62,-2.2,-2.26
135.31,0.87,0.61,-0.62,-2.29,-2.26
135.38,0.87,0.62,-0.62,-2.01,-2.09
135.45,0.87,0.62,-0.62,-2.15,-2.29
135.52,0.86,0.62,-0.62,-2.45,-2.23
135.59,0.86,0.62,-0.62,-2.37,-2.29
135.66,0.85,0.63,-0.63,-2.54,-2.34
135.73,0.85,0.63,-0.63,-2.48,-2.15
135.8,0.84,0.63,-0.64,-2.48,-2.26
135.87,0.84,0.64,-0.65,-2.54,-1.95
135.94,0.84,0.64,-0.66,-2.34,-1.87
136.01,0.83,0.64,-0.66,-2.2,-2.12
136.08,0.83,0.65,-0.66,-2.17,-2.29
136.15,0.82,0.65,-0.66,-2.48,-2.51
136.22,0.82,0.65,-0.66,-2.48,-2.15
136.29,0.81,0.66,-0.67,-2.45,-2.29
136.36,0.81,0.66,-0.67,-2.17,-2.29
136.43,0.81,0.66,-0.66,-1.67,-1.95
136.5,0.8,0.67,-0.65,-1.78,-2.26
136.57,0.8,0.67,-0.65,-1.92,-2.2
136.64,0.79,0.67,-0.64,-2.17,-2.4
136.71,0.79,0.68,-0.63,-2.23,-2.7
136.78,0.78,0.68,-0.63,-2.56,-2.62
136.85,0.78,0.68,-0.63,-2.59,-2.48
136.92,0.77,0.69,-0.64,-2.73,-2.54
136.99,0.77,0.69,-0.64,-2.2,-1.95
137.06,0.77,0.69,-0.65,-2.51,-2.2
137.13,0.76,0.7,-0.65,-2.48,-2.29
137.2,0.76,0.7,-0.66,-2.56,-2.23
137.27,0.75,0.7,-0.66,-2.54,-2.37
137.34,0.75,0.71,-0.66,-2.48,-2.54
137.41,0.74,0.71,-0.66,-2.23,-2.29
137.48,0.74,0.71,-0.66,-2.37,-2.31
137.55,0.73,0.72,-0.66,-2.01,-2.15
137.62,0.73,0.72,-0.66,-2.12,-2.15
137.69,0.73,0.72,-0.65,-2.2,-2.37
137.76,0.72,0.73,-0.65,-1.98,-2.09
137.83,0.72,0.73,-0.65,-2.34,-2.26
137.9,0.71,0.73,-0.65,-2.06,-2.15
137.97,0.71,0.74,-0.65,-2.09,-2.2
138.04,0.71,0.74,-0.64,-1.98,-2.29
138.11,0.7,0.74,-0.64,-2.26,-2.37
138.18,0.7,0.75,-0.64,-2.4,-2.42
138.25,0.69,0.75,-0.64,-2.34,-2.54
138.32,0.69,0.75,-0.64,-2.34,-2.29
138.39,0.68,0.76,-0.64,-2.48,-2.29
138.46,0.68,0.76,-0.64,-2.2,-2.2
138.53,0.68,0.76,-0.65,-2.09,-1.62
138.6,0.67,0.77,-0.65,-2.04,-1.9
138.67,0.67,0.77,-0.66,-1.92,-1.78
138.74,0.66,0.77,-0.65,-2.15,-2.29
138.81,0.66,0.77,-0.65,-2.12,-2.09
138.88,0.66,0.78,-0.66,-2.65,-2.34
138.95,0.65,0.78,-0.67,-2.7,-2.45
139.02,0.65,0.78,-0.67,-2.34,-2.2
139.09,0.64,0.79,-0.67,-2.26,-2.23
139.16,0.64,0.79,-0.67,-1.76,-1.7
139.23,0.63,0.79,-0.67,-2.29,-2.29
139.3,0.63,0.8,-0.67,-2.12,-2.06
139.37,0.63,0.8,-0.67,-1.98,-2.06
139.44,0.62,0.8,-0.67,-2.26,-2.31
139.51,0.62,0.81,-0.67,-2.17,-2.03
139.58,0.61,0.81,-0.67,-2.37,-2.29
139.65,0.61,0.81,-0.67,-2.48,-2.37
139.72,0.61,0.82,-0.67,-2.17,-2.23
139.79,0.6,0.82,-0.67,-2.48,-2.43
139.86,0.6,0.82,-0.68,-2.23,-1.9
139.93,0.59,0.83,-0.68,-2.12,-2.09
140.0,0.59,0.83,-0.69,-2.29,-1.87
140.07,0.59,0.83,-0.69,-1.92,-1.95
140.14,0.58,0.84,-0.69,-2.17,-1.98
140.21,0.58,0.84,-0.7,-2.15,-1.98
140.28,0.57,0.84,-0.7,-2.34,-1.92
140.35,0.57,0.85,-0.71,-2.48,-2.26
140.42,0.57,0.85,-0.71,-2.31,-2.31
140.49,0.56,0.85,-0.71,-2.29,-2.2
140.56,0.56,0.86,-0.71,-2.4,-2.2
140.63,0.55,0.86,-0.71,-2.31,-2.37
140.7,0.55,0.86,-0.72,-2.26,-2.12
140.77,0.55,0.87,-0.72,-2.37,-2.12
140.84,0.54,0.87,-0.72,-2.2,-2.01
140.91,0.54,0.87,-0.73,-2.31,-2.23
140.98,0.53,0.88,-0.72,-2.4,-2.51
141.05,0.53,0.88,-0.72,-2.31,-2.28
141.12,0.53,0.89,-0.73,-2.48,-2.34
141.19,0.52,0.89,-0.73,-2.68,-2.65
141.26,0.52,0.89,-0.73,-2.29,-2.23
141.33,0.51,0.9,-0.73,-2.26,-2.06
141.4,0.51,0.9,-0.73,-2.2,-2.09
141.47,0.51,0.9,-0.74,-1.9,-1.78
141.54,0.5,0.91,-0.74,-2.45,-2.34
141.61,0.5,0.91,-0.74,-2.34,-2.17
141.68,0.49,0.91,-0.74,-2.48,-2.51
141.75,0.49,0.92,-0.74,-2.42,-2.54
141.82,0.48,0.92,-0.73,-1.98,-2.26
141.89,0.48,0.93,-0.73,-2.15,-2.26
141.96,0.48,0.93,-0.72,-1.95,-2.4
142.03,0.47,0.93,-0.72,-1.73,-2.15
142.1,0.47,0.94,-0.7,-1.76,-2.45
142.17,0.47,0.94,-0.7,-2.17,-2.45
142.24,0.46,0.94,-0.7,-2.45,-2.34
142.31,0.46,0.95,-0.7,-2.4,-2.42
142.38,0.45,0.95,-0.71,-2.42,-2.01
142.45,0.45,0.95,-0.7,-2.34,-2.4
142.52,0.44,0.96,-0.71,-2.29,-2.09
142.59,0.44,0.96,-0.72,-2.37,-1.87
142.66,0.44,0.96,-0.72,-2.12,-2.03
142.73,0.43,0.97,-0.72,-1.95,-1.73
142.8,0.43,0.97,-0.72,-2.04,-2.09
142.87,0.43,0.97,-0.73,-2.06,-1.95
142.94,0.42,0.98,-0.73,-2.45,-2.34
143.01,0.42,0.98,-0.73,-2.31,-2.2
143.08,0.41,0.98,-0.74,-2.37,-2.09
143.15,0.41,0.99,-0.73,-2.37,-2.43
143.22,0.41,0.99,-0.74,-2.26,-2.09
143.29,0.4,0.99,-0.74,-2.2,-2.12
143.36,0.4,1.0,-0.74,-2.23,-2.17
143.43,0.4,1.0,-0.74,-1.87,-1.87
143.5,0.39,1.0,-0.75,-2.2,-1.9
143.57,0.39,1.01,-0.75,-2.2,-1.98
143.64,0.38,1.01,-0.75,-2.43,-2.45
143.71,0.38,1.02,-0.76,-2.81,-2.42
143.78,0.37,1.02,-0.76,-2.84,-2.65
143.85,0.37,1.02,-0.76,-2.65,-2.68
143.92,0.37,1.03,-0.76,-2.59,-2.54
143.99,0.36,1.03,-0.77,-2.62,-2.26
144.06,0.36,1.04,-0.78,-2.37,-1.98
144.13,0.35,1.04,-0.78,-2.4,-1.95
144.2,0.35,1.04,-0.79,-2.34,-2.01
144.27,0.35,1.05,-0.79,-2.37,-2.23
144.34,0.34,1.05,-0.79,-2.2,-2.23
144.41,0.34,1.06,-0.79,-2.34,-2.37
144.48,0.34,1.06,-0.79,-1.73,-1.98
144.55,0.33,1.06,-0.79,-2.12,-2.17
144.62,0.33,1.07,-0.78,-1.84,-2.17
144.69,0.33,1.07,-0.78,-1.95,-2.01
144.76,0.32,1.07,-0.77,-1.73,-2.29
144.83,0.32,1.08,-0.76,-2.12,-2.4
144.9,0.31,1.08,-0.75,-2.03,-2.45
144.97,0.31,1.08,-0.75,-2.23,-2.59
145.04,0.31,1.09,-0.75,-2.37,-2.48
145.11,0.3,1.09,-0.74,-2.12,-2.17
145.18,0.3,1.09,-0.75,-2.51,-2.43
145.25,0.29,1.1,-0.75,-2.48,-2.12
145.32,0.29,1.1,-0.76,-2.48,-2.29
145.39,0.28,1.11,-0.76,-2.45,-2.51
145.46,0.28,1.11,-0.76,-2.37,-2.29
145.53,0.28,1.11,-0.76,-2.26,-2.29
145.6,0.27,1.12,-0.77,-2.37,-1.84
145.67,0.27,1.12,-0.77,-2.17,-2.23
145.74,0.27,1.12,-0.76,-2.12,-2.34
145.81,0.26,1.13,-0.77,-2.23,-2.03
145.88,0.26,1.13,-0.76,-2.03,-2.17
145.95,0.25,1.14,-0.76,-2.26,-2.17
146.02,0.25,1.14,-0.76,-2.01,-2.17
146.09,0.25,1.14,-0.76,-2.06,-2.29
146.16,0.24,1.15,-0.76,-2.17,-1.98
146.23,0.24,1.15,-0.76,-1.84,-2.03
146.3,0.24,1.15,-0.76,-2.29,-2.01
146.37,0.23,1.16,-0.76,-2.17,-2.09
146.44,0.23,1.16,-0.77,-2.42,-2.26
146.51,0.23,1.16,-0.77,-2.45,-2.12
146.58,0.22,1.17,-0.78,-2.51,-2.4
146.65,0.22,1.17,-0.78,-2.42,-2.37
146.72,0.21,1.18,-0.78,-2.2,-2.12
146.79,0.21,1.18,-0.78,-2.37,-2.31
146.86,0.21,1.18,-0.79,-2.43,-1.78
146.93,0.2,1.19,-0.8,-2.54,-2.01
147.0,0.2,1.19,-0.82,-2.48,-1.62
147.07,0.19,1.19,-0.82,-2.31,-2.2
147.14,0.19,1.2,-0.83,-2.23,-1.9
147.21,0.19,1.2,-0.83,-1.81,-1.81
147.28,0.19,1.2,-0.83,-2.09,-2.09
147.35,0.18,1.21,-0.83,-2.03,-2.03
147.42,0.18,1.21,-0.83,-2.4,-2.51
147.49,0.17,1.22,-0.82,-2.31,-2.48
147.56,0.17,1.22,-0.82,-2.4,-2.48
147.63,0.17,1.23,-0.81,-2.48,-2.84
147.7,0.16,1.23,-0.82,-2.56,-2.42
147.77,0.16,1.23,-0.81,-2.03,-2.26
147.84,0.15,1.24,-0.81,-2.45,-2.43
147.91,0.15,1.24,-0.81,-2.62,-2.76
147.98,0.15,1.25,-0.81,-2.62,-2.56
148.05,0.14,1.25,-0.81,-2.62,-2.54
148.12,0.14,1.26,-0.82,-2.59,-2.26
148.19,0.13,1.26,-0.82,-2.09,-2.06
148.26,0.13,1.26,-0.82,-2.12,-2.17
148.33,0.13,1.27,-0.82,-2.01,-1.95
148.4,0.12,1.27,-0.82,-2.15,-2.17
148.47,0.12,1.27,-0.82,-2.31,-2.26
148.54,0.12,1.28,-0.82,-2.03,-2.12
148.61,0.11,1.28,-0.82,-2.31,-2.34
148.68,0.11,1.29,-0.82,-2.17,-2.12
148.75,0.11,1.29,-0.81,-2.09,-2.31
148.82,0.1,1.29,-0.81,-2.17,-2.28
148.89,0.1,1.3,-0.81,-1.84,-1.98
148.96,0.1,1.3,-0.81,-2.29,-2.37
149.03,0.09,1.3,-0.81,-2.42,-2.45
149.1,0.09,1.31,-0.81,-2.42,-2.54
149.17,0.08,1.31,-0.81,-2.82,-2.84
149.24,0.08,1.32,-0.8,-2.59,-2.7
149.31,0.07,1.32,-0.8,-2.29,-2.4
149.38,0.07,1.33,-0.8,-2.26,-2.4
149.45,0.07,1.33,-0.8,-2.34,-2.28
149.52,0.06,1.33,-0.81,-2.03,-1.67
149.59,0.06,1.34,-0.82,-2.65,-2.12
149.66,0.06,1.34,-0.83,-2.45,-1.95
149.73,0.05,1.35,-0.82,-2.03,-2.37
149.8,0.05,1.35,-0.81,-2.12,-2.51
149.87,0.05,1.35,-0.81,-1.51,-1.87
149.94,0.04,1.36,-0.8,-2.23,-2.51
150.01,0.04,1.36,-0.8,-2.37,-2.28
150.08,0.03,1.36,-0.8,-2.62,-2.56
150.15,0.03,1.37,-0.8,-2.82,-2.82
