X,Y,Theta,Setpoint VD,Setpoint VE,VD,VE,tempo
0.00000,0.70000,0.00000,0.00000,0.00000,0.00000,0.00000,4500.00000
0.00000,0.70000,0.00000,0.00000,0.00000,2.33000,2.33000,-3140.00000
0.00000,0.70000,0.00000,0.00000,0.00000,2.33000,2.33000,-10828.00000
0.00000,0.70000,0.00000,0.03000,0.00000,2.33000,2.33000,-18560.00000
0.00000,0.70000,0.00000,0.00000,0.00000,2.33000,2.33000,-26408.00000
0.00000,0.70000,0.00000,0.00000,0.00000,2.33000,2.33000,31340.00000
0.00000,0.70000,0.00000,0.00000,0.00000,2.33000,2.33000,23544.00000
0.00000,0.70000,0.00000,0.03000,0.00000,2.33000,2.33000,15752.00000
0.00000,0.70000,0.00000,0.00000,0.00000,2.33000,2.33000,7828.00000
0.00000,0.70000,0.00000,0.03000,0.00000,2.33000,2.33000,88.00000
0.00000,0.70000,0.02000,0.92000,0.00000,2.32000,2.33000,-7680.00000
0.00000,0.70000,0.04000,1.25000,0.00000,2.24000,2.29000,-15608.00000
0.00000,0.70000,0.07000,1.53000,0.00000,2.09000,2.20000,-23616.00000
0.01000,0.70000,0.10000,1.34000,0.03000,1.85000,2.03000,-31588.00000
0.01000,0.70000,0.13000,1.51000,0.03000,1.59000,1.84000,25884.00000
0.01000,0.70000,0.12000,1.00000,1.14000,1.22000,1.57000,17800.00000
0.01000,0.70000,0.11000,1.17000,1.81000,1.26000,1.59000,9760.00000
0.02000,0.70000,0.11000,2.09000,1.98000,1.42000,1.71000,1696.00000
0.02000,0.70000,0.11000,2.03000,2.03000,1.38000,1.68000,-6380.00000
0.03000,0.70000,0.11000,2.01000,2.23000,1.37000,1.67000,-14436.00000
0.03000,0.70000,0.10000,1.64000,2.15000,1.42000,1.71000,-22568.00000
0.04000,0.70000,0.09000,1.56000,1.95000,1.53000,1.79000,-30704.00000
0.04000,0.70000,0.08000,1.23000,1.78000,1.61000,1.85000,26720.00000
0.04000,0.70000,0.08000,1.59000,1.48000,1.73000,1.94000,18636.00000
0.05000,0.70000,0.07000,1.14000,1.84000,1.70000,1.92000,10544.00000
0.05000,0.70000,0.06000,1.39000,1.92000,1.83000,2.02000,2464.00000
0.06000,0.71000,0.04000,1.62000,2.48000,1.92000,2.08000,-5612.00000
0.06000,0.71000,0.03000,1.56000,2.48000,2.05000,2.18000,-13664.00000
0.07000,0.71000,0.02000,2.12000,2.62000,2.17000,2.25000,-21824.00000
0.07000,0.71000,0.01000,2.03000,2.48000,2.22000,2.28000,-29948.00000
0.08000,0.71000,0.00000,2.17000,2.37000,2.27000,2.30000,27412.00000
0.08000,0.71000,0.00000,2.26000,2.23000,2.29000,2.31000,19288.00000
0.09000,0.71000,-0.00000,2.06000,2.34000,2.28000,2.31000,11136.00000
0.09000,0.71000,-0.00000,2.17000,2.34000,2.31000,2.32000,3012.00000
0.10000,0.71000,-0.01000,2.09000,2.34000,2.32000,2.33000,-5096.00000
0.11000,0.71000,-0.01000,2.34000,2.51000,2.33000,2.32000,-13216.00000
0.11000,0.71000,-0.02000,2.29000,2.51000,2.32000,2.30000,-21400.00000
0.12000,0.71000,-0.02000,2.15000,2.40000,2.31000,2.28000,-29556.00000
0.12000,0.71000,-0.02000,2.37000,2.54000,2.30000,2.26000,27800.00000
0.13000,0.71000,-0.03000,2.23000,2.34000,2.29000,2.24000,19652.00000
0.13000,0.71000,-0.03000,2.45000,2.51000,2.29000,2.23000,11464.00000
0.14000,0.70000,-0.03000,2.42000,2.37000,2.28000,2.22000,3312.00000
0.14000,0.70000,-0.03000,2.31000,2.37000,2.29000,2.23000,-4828.00000
0.15000,0.70000,-0.03000,2.29000,2.37000,2.28000,2.22000,-12972.00000
0.16000,0.70000,-0.03000,2.17000,2.43000,2.28000,2.21000,-21116.00000
0.16000,0.70000,-0.04000,1.70000,2.09000,2.26000,2.18000,-29256.00000
0.17000,0.70000,-0.05000,2.01000,2.20000,2.23000,2.14000,28128.00000
0.17000,0.70000,-0.05000,2.09000,2.12000,2.22000,2.11000,20020.00000
0.18000,0.70000,-0.04000,2.54000,2.09000,2.21000,2.11000,11856.00000
0.18000,0.70000,-0.03000,2.51000,2.20000,2.25000,2.16000,3700.00000
0.19000,0.70000,-0.03000,2.42000,2.15000,2.27000,2.19000,-4400.00000
0.19000,0.70000,-0.02000,2.40000,2.29000,2.28000,2.22000,-12528.00000
0.20000,0.70000,-0.02000,2.23000,2.17000,2.29000,2.23000,-20656.00000
0.20000,0.70000,-0.02000,2.20000,2.09000,2.29000,2.24000,-28804.00000
0.21000,0.70000,-0.02000,2.23000,2.06000,2.30000,2.25000,28596.00000
0.21000,0.70000,-0.01000,2.26000,2.06000,2.30000,2.27000,20476.00000
0.22000,0.70000,-0.01000,2.37000,2.17000,2.31000,2.28000,12288.00000
0.22000,0.70000,-0.01000,2.37000,2.23000,2.32000,2.30000,4188.00000
0.23000,0.70000,-0.00000,2.51000,2.31000,2.32000,2.31000,-3924.00000
0.24000,0.70000,-0.00000,2.51000,2.56000,2.33000,2.33000,-12032.00000
0.24000,0.70000,-0.00000,2.56000,2.34000,2.33000,2.32000,-20200.00000
0.25000,0.70000,0.00000,2.56000,2.34000,2.32000,2.33000,-28372.00000
0.25000,0.70000,0.00000,2.26000,2.37000,2.30000,2.32000,29016.00000
0.26000,0.70000,0.00000,2.26000,2.26000,2.31000,2.32000,20872.00000
0.26000,0.70000,-0.00000,2.15000,2.34000,2.31000,2.32000,12768.00000
0.27000,0.70000,-0.01000,2.23000,2.42000,2.33000,2.33000,4640.00000
0.27000,0.70000,-0.01000,2.20000,2.20000,2.33000,2.32000,-3468.00000
0.28000,0.70000,-0.00000,2.20000,2.06000,2.33000,2.32000,-11524.00000
0.28000,0.70000,-0.00000,2.17000,2.06000,2.33000,2.33000,-19680.00000
0.29000,0.70000,0.00000,2.09000,1.92000,2.32000,2.33000,-27792.00000
0.29000,0.70000,0.00000,2.20000,2.26000,2.31000,2.32000,29588.00000
0.30000,0.70000,0.00000,2.31000,2.12000,2.31000,2.32000,21456.00000
0.31000,0.70000,0.00000,2.29000,2.40000,2.29000,2.32000,13288.00000
0.31000,0.70000,-0.00000,2.31000,2.51000,2.30000,2.32000,5160.00000
0.32000,0.70000,-0.00000,2.40000,2.54000,2.32000,2.33000,-2948.00000
0.32000,0.70000,-0.01000,2.31000,2.45000,2.33000,2.33000,-11092.00000
0.33000,0.70000,-0.01000,2.54000,2.54000,2.33000,2.32000,-19236.00000
0.33000,0.70000,-0.00000,2.45000,2.37000,2.33000,2.32000,-27372.00000
0.34000,0.70000,-0.01000,2.51000,2.54000,2.33000,2.32000,29980.00000
0.35000,0.70000,-0.00000,2.62000,2.56000,2.33000,2.32000,21828.00000
0.35000,0.70000,-0.00000,2.48000,2.42000,2.33000,2.33000,13664.00000
0.36000,0.70000,-0.01000,2.23000,2.48000,2.33000,2.33000,5484.00000
0.36000,0.70000,-0.02000,2.06000,2.43000,2.32000,2.31000,-2632.00000
0.37000,0.70000,-0.02000,1.98000,2.17000,2.31000,2.28000,-10724.00000
0.37000,0.70000,-0.02000,2.23000,2.20000,2.30000,2.26000,-18904.00000
0.38000,0.70000,-0.02000,2.34000,2.29000,2.30000,2.26000,-27024.00000
0.39000,0.70000,-0.01000,2.48000,2.23000,2.30000,2.27000,30360.00000
0.39000,0.70000,-0.01000,2.54000,2.40000,2.31000,2.29000,22204.00000
0.40000,0.70000,-0.00000,2.48000,2.20000,2.32000,2.30000,14068.00000
0.40000,0.70000,-0.00000,2.31000,2.26000,2.33000,2.32000,5932.00000
0.41000,0.70000,-0.00000,2.26000,2.26000,2.33000,2.33000,-2156.00000
0.41000,0.70000,0.00000,2.29000,2.09000,2.33000,2.33000,-10228.00000
0.42000,0.70000,0.00000,2.31000,2.29000,2.32000,2.33000,-18372.00000
0.42000,0.70000,0.00000,2.48000,2.29000,2.31000,2.32000,-26536.00000
0.43000,0.70000,0.01000,2.45000,2.23000,2.30000,2.32000,30836.00000
0.44000,0.70000,0.01000,2.54000,2.51000,2.28000,2.31000,22680.00000
0.44000,0.70000,0.01000,2.51000,2.37000,2.27000,2.31000,14540.00000
0.45000,0.70000,0.02000,2.48000,2.31000,2.26000,2.30000,6360.00000
0.45000,0.70000,0.01000,2.23000,2.34000,2.24000,2.29000,-1764.00000
0.46000,0.70000,0.01000,2.17000,2.29000,2.25000,2.30000,-9844.00000
0.46000,0.70000,0.01000,2.12000,2.17000,2.26000,2.30000,-17936.00000
0.47000,0.70000,0.00000,1.92000,2.42000,2.27000,2.30000,-26084.00000
0.47000,0.70000,-0.00000,2.17000,2.26000,2.31000,2.32000,31316.00000
0.48000,0.70000,-0.01000,2.12000,2.37000,2.32000,2.33000,23164.00000
0.48000,0.70000,-0.00000,2.42000,2.29000,2.33000,2.32000,15000.00000
0.49000,0.70000,0.00000,2.34000,2.01000,2.33000,2.33000,6860.00000
0.49000,0.70000,0.01000,2.29000,2.03000,2.30000,2.32000,-1264.00000
0.50000,0.70000,0.01000,2.31000,1.98000,2.28000,2.31000,-9328.00000
0.50000,0.70000,0.01000,2.20000,2.20000,2.24000,2.29000,-17460.00000
0.51000,0.70000,0.01000,2.15000,2.40000,2.24000,2.29000,-25544.00000
0.52000,0.70000,0.01000,2.26000,2.29000,2.26000,2.30000,31844.00000
0.52000,0.70000,0.01000,2.26000,2.45000,2.27000,2.30000,23692.00000
0.53000,0.70000,0.00000,2.34000,2.43000,2.28000,2.31000,15524.00000
0.53000,0.70000,0.01000,2.45000,2.26000,2.29000,2.32000,7380.00000
0.54000,0.70000,0.01000,2.45000,2.45000,2.27000,2.31000,-728.00000
0.54000,0.70000,0.01000,2.40000,2.48000,2.27000,2.31000,-8744.00000
0.55000,0.70000,0.00000,2.31000,2.48000,2.28000,2.31000,-16868.00000
0.56000,0.70000,0.00000,2.45000,2.51000,2.29000,2.32000,-25032.00000
0.56000,0.70000,0.00000,2.37000,2.34000,2.30000,2.32000,32344.00000
0.57000,0.70000,-0.00000,2.12000,2.29000,2.30000,2.32000,24224.00000
0.57000,0.70000,-0.01000,1.81000,2.43000,2.31000,2.32000,16076.00000
0.58000,0.70000,-0.02000,1.87000,2.12000,2.32000,2.30000,7948.00000
0.58000,0.70000,-0.02000,2.20000,2.26000,2.31000,2.28000,-176.00000
0.59000,0.70000,-0.02000,2.40000,2.31000,2.31000,2.27000,-8216.00000
0.59000,0.70000,-0.01000,2.56000,2.23000,2.31000,2.28000,-16364.00000
0.60000,0.70000,-0.01000,2.59000,2.43000,2.32000,2.31000,-24532.00000
0.60000,0.70000,-0.00000,2.42000,2.29000,2.33000,2.32000,-32680.00000
0.61000,0.70000,-0.00000,2.20000,2.06000,2.33000,2.33000,24692.00000
0.62000,0.70000,-0.00000,2.26000,2.17000,2.32000,2.33000,16544.00000
0.62000,0.70000,0.00000,2.20000,2.01000,2.31000,2.32000,8428.00000
0.63000,0.70000,0.00000,2.29000,2.34000,2.29000,2.32000,308.00000
0.63000,0.70000,0.00000,2.48000,2.34000,2.30000,2.32000,-7712.00000
0.64000,0.70000,0.01000,2.59000,2.29000,2.28000,2.31000,-15804.00000
0.64000,0.70000,0.01000,2.48000,2.51000,2.25000,2.30000,-23984.00000
0.65000,0.70000,0.01000,2.54000,2.54000,2.25000,2.30000,-32120.00000
0.66000,0.70000,0.01000,2.56000,2.37000,2.25000,2.30000,25316.00000
0.66000,0.70000,0.01000,2.40000,2.40000,2.23000,2.29000,17152.00000
0.67000,0.70000,0.01000,2.09000,2.40000,2.23000,2.29000,9060.00000
0.67000,0.70000,0.01000,2.23000,2.26000,2.26000,2.30000,952.00000
0.68000,0.70000,-0.00000,2.03000,2.59000,2.26000,2.30000,-7100.00000
0.68000,0.70000,-0.01000,2.20000,2.43000,2.31000,2.32000,-15204.00000
0.69000,0.70000,-0.01000,2.26000,2.26000,2.33000,2.33000,-23364.00000
0.69000,0.70000,-0.00000,2.45000,2.15000,2.33000,2.33000,-31524.00000
0.70000,0.70000,0.00000,2.23000,2.03000,2.30000,2.32000,25916.00000
0.70000,0.70000,0.00000,2.15000,2.09000,2.28000,2.31000,17796.00000
0.71000,0.70000,0.00000,2.17000,2.26000,2.28000,2.31000,9660.00000
0.71000,0.70000,0.00000,2.29000,2.12000,2.29000,2.31000,1572.00000
0.72000,0.70000,0.00000,2.26000,2.34000,2.27000,2.31000,-6528.00000
0.72000,0.70000,0.00000,2.31000,2.31000,2.28000,2.31000,-14636.00000
0.73000,0.70000,0.00000,2.28000,2.28000,2.27000,2.31000,-22740.00000
0.74000,0.70000,-0.00000,2.17000,2.37000,2.27000,2.31000,-30896.00000
0.74000,0.70000,0.00000,2.40000,2.26000,2.29000,2.31000,26512.00000
0.75000,0.70000,0.00000,2.29000,2.37000,2.28000,2.31000,18336.00000
0.75000,0.70000,-0.00000,2.42000,2.68000,2.28000,2.31000,10176.00000
0.76000,0.70000,-0.01000,2.31000,2.48000,2.30000,2.32000,2020.00000
0.76000,0.70000,-0.01000,2.31000,2.29000,2.32000,2.33000,-6104.00000
0.77000,0.70000,-0.01000,2.26000,2.31000,2.31000,2.32000,-14220.00000
0.77000,0.70000,-0.01000,2.09000,2.17000,2.32000,2.33000,-22368.00000
0.78000,0.70000,-0.02000,1.90000,2.31000,2.33000,2.33000,-30560.00000
0.78000,0.70000,-0.02000,2.01000,2.31000,2.32000,2.30000,26852.00000
0.79000,0.70000,-0.02000,2.29000,2.31000,2.31000,2.27000,18680.00000
0.80000,0.70000,-0.02000,2.56000,2.34000,2.30000,2.27000,10548.00000
0.80000,0.70000,-0.02000,2.48000,2.26000,2.31000,2.29000,2404.00000
0.81000,0.70000,-0.01000,2.40000,2.29000,2.32000,2.30000,-5720.00000
0.81000,0.70000,-0.01000,2.34000,2.37000,2.32000,2.31000,-13828.00000
0.82000,0.70000,-0.01000,2.15000,2.09000,2.32000,2.31000,-21964.00000
0.82000,0.70000,-0.01000,2.26000,2.12000,2.32000,2.31000,-30124.00000
0.83000,0.70000,-0.01000,2.29000,2.20000,2.33000,2.33000,27280.00000
0.83000,0.70000,-0.01000,2.45000,2.31000,2.33000,2.33000,19128.00000
0.84000,0.70000,-0.00000,2.65000,2.51000,2.32000,2.33000,10976.00000
0.85000,0.70000,0.00000,2.65000,2.48000,2.30000,2.32000,2808.00000
0.85000,0.70000,0.00000,2.59000,2.45000,2.29000,2.31000,-5284.00000
0.86000,0.70000,0.00000,2.56000,2.56000,2.27000,2.31000,-13392.00000
0.86000,0.70000,0.00000,2.40000,2.40000,2.27000,2.31000,-21504.00000
0.87000,0.70000,0.00000,2.37000,2.26000,2.27000,2.31000,-29612.00000
0.88000,0.70000,0.00000,2.12000,2.34000,2.25000,2.30000,27776.00000
0.88000,0.70000,-0.00000,2.15000,2.29000,2.27000,2.31000,19632.00000
0.89000,0.70000,-0.00000,2.15000,2.29000,2.28000,2.31000,11480.00000
0.89000,0.70000,-0.01000,2.26000,2.37000,2.29000,2.32000,3320.00000
0.90000,0.70000,-0.01000,2.29000,2.23000,2.30000,2.32000,-4772.00000
0.90000,0.70000,-0.00000,2.20000,2.12000,2.29000,2.32000,-12892.00000
0.91000,0.70000,-0.00000,2.17000,2.20000,2.29000,2.31000,-21016.00000
0.91000,0.70000,-0.00000,2.03000,1.98000,2.28000,2.31000,-29164.00000
0.92000,0.70000,-0.01000,2.06000,2.17000,2.28000,2.31000,28236.00000
0.92000,0.70000,-0.00000,2.20000,2.06000,2.28000,2.31000,20092.00000
0.93000,0.70000,-0.00000,2.20000,2.26000,2.27000,2.30000,11944.00000
0.93000,0.70000,-0.01000,2.37000,2.45000,2.27000,2.30000,3808.00000
0.94000,0.70000,-0.01000,2.34000,2.40000,2.27000,2.31000,-4268.00000
0.94000,0.70000,-0.01000,2.31000,2.51000,2.27000,2.31000,-12432.00000
0.95000,0.70000,-0.01000,2.48000,2.65000,2.28000,2.31000,-20568.00000
0.96000,0.70000,-0.02000,2.37000,2.42000,2.29000,2.31000,-28752.00000
0.96000,0.70000,-0.02000,2.40000,2.62000,0.46000,-0.46000,28580.00000
0.97000,0.70000,-0.02000,2.45000,2.42000,0.46000,-0.46000,20464.00000
0.97000,0.70000,-0.01000,1.42000,0.89000,0.46000,-0.46000,12260.00000
0.97000,0.70000,-0.00000,0.42000,0.20000,0.46000,-0.46000,4212.00000
0.97000,0.70000,-0.00000,0.00000,0.00000,0.46000,-0.46000,-3732.00000
0.97000,0.70000,-0.00000,0.03000,0.00000,0.46000,-0.46000,-11488.00000
0.97000,0.70000,-0.00000,0.03000,0.00000,0.46000,-0.46000,-19444.00000
0.97000,0.70000,0.01000,0.59000,0.00000,0.46000,-0.46000,-27388.00000
0.97000,0.70000,0.01000,0.33000,0.00000,0.46000,-0.46000,30160.00000
0.97000,0.70000,0.02000,0.08000,0.00000,0.46000,-0.46000,22200.00000
0.97000,0.70000,0.02000,0.03000,0.00000,0.46000,-0.46000,14256.00000
0.97000,0.70000,0.02000,0.06000,0.00000,0.46000,-0.46000,6312.00000
0.97000,0.70000,0.02000,0.06000,0.00000,0.46000,-0.46000,-1592.00000
0.97000,0.70000,0.02000,0.00000,0.00000,0.46000,-0.46000,-9480.00000
0.97000,0.70000,0.02000,0.00000,0.00000,0.46000,-0.46000,-17232.00000
0.97000,0.70000,0.02000,0.00000,0.00000,0.46000,-0.46000,-25028.00000
0.97000,0.70000,0.02000,0.00000,0.00000,0.46000,-0.46000,32716.00000
0.97000,0.70000,0.02000,0.00000,0.00000,0.46000,-0.46000,24920.00000
0.97000,0.70000,0.02000,0.00000,0.00000,0.46000,-0.46000,17136.00000
0.97000,0.70000,0.02000,0.00000,0.00000,0.46000,-0.46000,9340.00000
0.97000,0.70000,0.02000,0.00000,0.00000,0.46000,-0.46000,1596.00000
0.97000,0.70000,0.02000,0.00000,0.00000,0.46000,-0.46000,-6148.00000
0.97000,0.70000,0.02000,0.00000,0.00000,0.46000,-0.46000,-13900.00000
0.97000,0.70000,0.02000,0.00000,0.00000,0.46000,-0.46000,-21692.00000
0.97000,0.70000,0.02000,0.00000,0.00000,0.46000,-0.46000,-29496.00000
0.97000,0.70000,0.02000,0.00000,0.00000,0.46000,-0.46000,28252.00000
0.97000,0.70000,0.02000,0.00000,0.00000,0.46000,-0.46000,20464.00000
0.97000,0.70000,0.02000,0.00000,0.00000,0.46000,-0.46000,12668.00000
0.97000,0.70000,0.02000,0.00000,0.00000,0.46000,-0.46000,4888.00000
0.97000,0.70000,0.02000,0.00000,0.00000,0.46000,-0.46000,-2868.00000
0.97000,0.70000,0.02000,0.00000,0.00000,0.46000,-0.46000,-10608.00000
0.97000,0.70000,0.02000,0.00000,0.00000,0.46000,-0.46000,-18408.00000
0.97000,0.70000,0.02000,0.00000,0.00000,0.46000,-0.46000,-26204.00000
0.97000,0.70000,0.02000,0.00000,0.00000,0.46000,-0.46000,31536.00000
0.97000,0.70000,0.02000,0.03000,0.00000,0.46000,-0.46000,23748.00000
0.97000,0.70000,0.02000,0.00000,0.00000,0.46000,-0.46000,15816.00000
0.97000,0.70000,0.02000,0.03000,0.00000,0.46000,-0.46000,8032.00000
0.97000,0.70000,0.03000,0.50000,0.00000,0.46000,-0.46000,160.00000
0.98000,0.70000,0.06000,1.45000,0.00000,0.46000,-0.46000,-7700.00000
0.98000,0.70000,0.10000,2.31000,0.00000,0.47000,-0.47000,-15664.00000
0.98000,0.70000,0.14000,2.18000,0.00000,0.47000,-0.47000,-23708.00000
0.98000,0.70000,0.19000,2.23000,0.00000,0.48000,-0.48000,-31740.00000
0.99000,0.70000,0.22000,1.90000,0.00000,0.50000,-0.50000,25800.00000
0.99000,0.70000,0.25000,1.51000,0.00000,0.51000,-0.51000,17784.00000
0.99000,0.70000,0.27000,1.06000,0.00000,0.53000,-0.53000,9784.00000
0.99000,0.70000,0.29000,0.98000,0.00000,0.54000,-0.54000,1856.00000
0.99000,0.70000,0.30000,0.45000,0.00000,0.55000,-0.55000,-6060.00000
0.99000,0.70000,0.30000,0.03000,0.00000,0.55000,-0.55000,-13960.00000
0.99000,0.70000,0.30000,0.08000,0.00000,0.55000,-0.55000,-21900.00000
0.99000,0.70000,0.31000,0.06000,0.00000,0.55000,-0.55000,-29856.00000
0.99000,0.70000,0.31000,0.11000,0.00000,0.56000,-0.56000,27708.00000
0.99000,0.70000,0.31000,0.00000,0.00000,0.56000,-0.56000,19744.00000
0.99000,0.70000,0.31000,0.00000,0.00000,0.56000,-0.56000,11956.00000
0.99000,0.70000,0.31000,0.00000,0.00000,0.56000,-0.56000,4144.00000
0.99000,0.70000,0.31000,0.00000,0.00000,0.56000,-0.56000,-3604.00000
0.99000,0.70000,0.31000,0.00000,0.00000,0.56000,-0.56000,-11356.00000
0.99000,0.70000,0.31000,0.03000,0.00000,0.56000,-0.56000,-19156.00000
0.99000,0.70000,0.31000,0.28000,0.00000,0.56000,-0.56000,-27112.00000
0.99000,0.70000,0.33000,0.86000,-0.03000,0.56000,-0.56000,30488.00000
0.99000,0.70000,0.36000,1.73000,0.00000,0.57000,-0.57000,22440.00000
1.00000,0.71000,0.40000,1.87000,0.00000,0.58000,-0.58000,14420.00000
1.00000,0.71000,0.44000,1.90000,0.00000,0.60000,-0.60000,6408.00000
1.00000,0.71000,0.47000,1.51000,0.00000,0.60000,-0.60000,-1568.00000
1.00000,0.71000,0.48000,0.89000,0.00000,0.60000,-0.61000,-9504.00000
1.00000,0.71000,0.50000,0.78000,0.00000,0.60000,-0.61000,-17424.00000
1.00000,0.71000,0.51000,0.50000,0.00000,0.59000,-0.62000,-25412.00000
1.00000,0.71000,0.51000,0.06000,0.00000,0.58000,-0.62000,32144.00000
1.00000,0.71000,0.51000,0.00000,0.00000,0.58000,-0.62000,24196.00000
1.00000,0.71000,0.51000,0.00000,0.00000,0.58000,-0.62000,16384.00000
1.00000,0.71000,0.51000,0.00000,0.00000,0.58000,-0.62000,8572.00000
1.00000,0.71000,0.51000,0.00000,0.00000,0.58000,-0.62000,820.00000
1.00000,0.71000,0.51000,0.00000,0.00000,0.58000,-0.62000,-6900.00000
1.00000,0.71000,0.51000,0.00000,0.00000,0.58000,-0.62000,-14652.00000
1.00000,0.71000,0.51000,0.00000,0.00000,0.58000,-0.62000,-22472.00000
1.00000,0.71000,0.51000,0.00000,0.00000,0.58000,-0.62000,-30272.00000
1.00000,0.71000,0.51000,0.00000,0.00000,0.58000,-0.62000,27456.00000
1.00000,0.71000,0.51000,0.00000,0.00000,0.58000,-0.62000,19644.00000
1.00000,0.71000,0.51000,0.00000,0.00000,0.58000,-0.62000,11848.00000
1.00000,0.71000,0.51000,0.03000,0.00000,0.58000,-0.62000,4048.00000
1.00000,0.71000,0.52000,0.31000,0.00000,0.58000,-0.62000,-3860.00000
1.00000,0.71000,0.53000,0.84000,0.00000,0.58000,-0.62000,-11748.00000
1.00000,0.71000,0.56000,1.65000,0.00000,0.55000,-0.64000,-19748.00000
1.01000,0.71000,0.61000,2.26000,0.00000,0.44000,-0.69000,-27780.00000
1.01000,0.71000,0.65000,2.37000,0.00000,0.09000,-0.85000,29720.00000
1.01000,0.71000,0.68000,1.51000,0.00000,-0.57000,-1.20000,21680.00000
1.01000,0.71000,0.70000,0.95000,-0.03000,-1.03000,-1.49000,13660.00000
1.01000,0.71000,0.71000,0.33000,0.00000,-1.31000,-1.68000,5604.00000
1.01000,0.71000,0.71000,0.03000,0.00000,-1.40000,-1.74000,-2316.00000
1.01000,0.71000,0.71000,0.00000,0.00000,-1.40000,-1.75000,-10268.00000
1.01000,0.71000,0.71000,0.00000,0.00000,-1.40000,-1.75000,-18100.00000
1.01000,0.71000,0.71000,0.00000,0.00000,-1.40000,-1.75000,-25912.00000
1.01000,0.71000,0.71000,0.00000,-0.03000,-1.40000,-1.75000,31784.00000
1.01000,0.71000,0.71000,0.00000,-0.06000,-1.41000,-1.75000,23804.00000
1.01000,0.71000,0.72000,0.00000,-0.59000,-1.42000,-1.76000,15812.00000
1.01000,0.71000,0.74000,0.00000,-1.17000,-1.55000,-1.86000,7820.00000
1.01000,0.71000,0.79000,0.00000,-2.17000,-1.77000,-2.04000,-156.00000
1.01000,0.71000,0.83000,0.00000,-2.45000,-2.08000,-2.29000,-8128.00000
1.00000,0.71000,0.89000,0.00000,-2.95000,-2.39000,-2.21000,-16156.00000
1.00000,0.70000,0.95000,0.00000,-2.98000,-2.12000,-1.86000,-24240.00000
1.00000,0.70000,1.01000,0.00000,-2.93000,-1.61000,-1.21000,-32300.00000
1.00000,0.70000,1.05000,0.00000,-2.37000,-1.07000,-0.33000,25164.00000
1.00000,0.70000,1.08000,0.00000,-1.62000,-0.78000,0.24000,17112.00000
1.00000,0.70000,1.09000,0.00000,-0.53000,-0.68000,0.45000,9104.00000
1.00000,0.70000,1.09000,0.00000,-0.06000,-0.66000,0.50000,1168.00000
1.00000,0.70000,1.09000,0.00000,0.00000,-0.66000,0.50000,-6732.00000
1.00000,0.70000,1.09000,0.00000,0.00000,-0.66000,0.50000,-14484.00000
1.00000,0.70000,1.09000,0.00000,0.00000,-0.66000,0.50000,-22292.00000
1.00000,0.70000,1.09000,0.00000,0.00000,-0.66000,0.50000,-30088.00000
1.00000,0.70000,1.09000,0.00000,0.00000,-0.66000,0.50000,27656.00000
1.00000,0.70000,1.09000,0.00000,0.00000,-0.66000,0.50000,19864.00000
1.00000,0.70000,1.09000,0.00000,0.00000,-0.66000,0.50000,12068.00000
1.00000,0.70000,1.09000,0.00000,0.00000,-0.66000,0.50000,4276.00000
1.00000,0.70000,1.09000,0.00000,0.00000,-0.66000,0.50000,-3464.00000
1.00000,0.70000,1.09000,0.00000,0.00000,-0.66000,0.50000,-11236.00000
1.00000,0.70000,1.09000,-0.03000,0.00000,-0.66000,0.50000,-19028.00000
1.00000,0.70000,1.09000,0.00000,0.00000,-0.66000,0.50000,-26988.00000
1.00000,0.70000,1.09000,0.00000,0.00000,-0.66000,0.50000,30748.00000
1.00000,0.70000,1.09000,-0.03000,0.00000,-0.66000,0.50000,22952.00000
1.00000,0.70000,1.09000,0.00000,0.00000,-0.66000,0.50000,15012.00000
1.00000,0.70000,1.09000,-0.03000,0.00000,-0.66000,0.50000,7204.00000
1.00000,0.70000,1.09000,-0.03000,0.00000,-0.66000,0.50000,-700.00000
1.00000,0.70000,1.09000,-0.08000,0.00000,-0.66000,0.49000,-8572.00000
1.00000,0.70000,1.09000,0.00000,0.00000,-0.66000,0.49000,-16476.00000
1.00000,0.70000,1.09000,0.00000,0.00000,-0.66000,0.49000,-24284.00000
1.00000,0.70000,1.09000,0.00000,0.00000,-0.66000,0.49000,-32076.00000
1.00000,0.70000,1.09000,0.00000,0.00000,-0.66000,0.49000,25652.00000
1.00000,0.70000,1.09000,0.00000,0.00000,-0.66000,0.49000,17860.00000
1.00000,0.70000,1.09000,0.00000,0.00000,-0.66000,0.49000,10068.00000
1.00000,0.70000,1.09000,0.00000,0.00000,-0.66000,0.49000,2268.00000
1.00000,0.70000,1.09000,0.00000,0.00000,-0.66000,0.49000,-5484.00000
1.00000,0.70000,1.09000,0.00000,0.00000,-0.66000,0.49000,-13232.00000
1.00000,0.70000,1.09000,0.00000,0.00000,-0.66000,0.49000,-21032.00000
1.00000,0.70000,1.09000,0.00000,0.00000,-0.66000,0.49000,-28832.00000
1.00000,0.70000,1.09000,0.00000,0.00000,-0.66000,0.49000,28900.00000
1.00000,0.70000,1.09000,0.00000,0.00000,-0.66000,0.49000,21108.00000
1.00000,0.70000,1.09000,0.00000,0.00000,-0.66000,0.49000,13304.00000
1.00000,0.70000,1.09000,0.00000,0.00000,-0.66000,0.49000,5508.00000
1.00000,0.70000,1.09000,-0.03000,0.00000,-0.66000,0.49000,-2236.00000
1.00000,0.70000,1.09000,0.00000,0.00000,-0.67000,0.49000,-10152.00000
1.00000,0.70000,1.09000,-0.03000,0.00000,-0.67000,0.49000,-17956.00000
1.00000,0.70000,1.07000,-1.03000,0.00000,-0.67000,0.49000,-25896.00000
1.00000,0.69000,1.06000,-0.45000,0.00000,-0.70000,0.41000,31608.00000
1.00000,0.69000,1.06000,-0.25000,0.00000,-0.72000,0.36000,23644.00000
1.00000,0.69000,1.06000,0.00000,0.00000,-0.74000,0.34000,15668.00000
1.00000,0.69000,1.06000,0.00000,0.00000,-0.74000,0.34000,7872.00000
1.00000,0.69000,1.06000,0.00000,0.00000,-0.74000,0.34000,100.00000
1.00000,0.69000,1.06000,-0.03000,0.00000,-0.74000,0.34000,-7608.00000
1.00000,0.69000,1.06000,0.00000,0.00000,-0.74000,0.33000,-15544.00000
1.00000,0.69000,1.05000,-0.03000,0.00000,-0.74000,0.33000,-23360.00000
1.00000,0.69000,1.05000,-0.28000,0.00000,-0.74000,0.33000,-31324.00000
1.00000,0.69000,1.04000,-0.70000,0.00000,-0.76000,0.29000,26240.00000
0.99000,0.69000,1.01000,-1.14000,0.00000,-0.80000,0.19000,18276.00000
0.99000,0.69000,1.00000,-0.92000,0.00000,-0.91000,-0.02000,10248.00000
0.99000,0.69000,0.99000,-0.53000,0.00000,-1.02000,-0.23000,2252.00000
0.99000,0.69000,0.98000,-0.28000,0.00000,-1.09000,-0.36000,-5664.00000
0.99000,0.69000,0.97000,-0.28000,0.00000,-1.13000,-0.43000,-13584.00000
0.99000,0.69000,0.97000,-0.28000,0.00000,-1.17000,-0.51000,-21552.00000
0.99000,0.69000,0.95000,-0.89000,0.00000,-1.21000,-0.58000,-29556.00000
0.99000,0.69000,0.92000,-1.56000,0.00000,-1.36000,-0.83000,27936.00000
0.99000,0.69000,0.89000,-1.84000,0.00000,-1.63000,-1.24000,19944.00000
0.99000,0.68000,0.85000,-2.06000,0.00000,-1.94000,-1.64000,11880.00000
0.99000,0.68000,0.80000,-2.31000,0.00000,-2.21000,-1.98000,3864.00000
0.98000,0.68000,0.75000,-2.40000,0.00000,-2.39000,-2.22000,-4160.00000
0.98000,0.68000,0.70000,-2.82000,0.00000,-2.07000,-2.29000,-12180.00000
0.98000,0.68000,0.65000,-2.79000,-0.03000,-1.62000,-1.92000,-20220.00000
0.98000,0.67000,0.60000,-2.68000,0.00000,-0.89000,-1.39000,-28352.00000
0.98000,0.67000,0.56000,-2.04000,0.00000,-0.08000,-0.94000,29120.00000
0.97000,0.67000,0.53000,-1.39000,0.00000,0.34000,-0.74000,21096.00000
0.97000,0.67000,0.52000,-0.50000,0.00000,0.49000,-0.67000,13068.00000
0.97000,0.67000,0.52000,-0.03000,0.00000,0.52000,-0.65000,5092.00000
0.97000,0.67000,0.52000,-0.06000,0.00000,0.52000,-0.65000,-2840.00000
0.97000,0.67000,0.52000,0.00000,0.00000,0.53000,-0.65000,-10748.00000
0.97000,0.67000,0.52000,-0.03000,0.00000,0.53000,-0.65000,-18560.00000
0.97000,0.67000,0.52000,-0.08000,0.00000,0.53000,-0.65000,-26540.00000
0.97000,0.67000,0.52000,0.00000,0.00000,0.53000,-0.64000,31016.00000
0.97000,0.67000,0.52000,0.00000,0.00000,0.53000,-0.64000,23212.00000
0.97000,0.67000,0.52000,0.00000,0.00000,0.53000,-0.64000,15392.00000
0.97000,0.67000,0.52000,0.00000,0.00000,0.53000,-0.64000,7592.00000
0.97000,0.67000,0.52000,0.00000,0.00000,0.53000,-0.64000,-176.00000
0.97000,0.67000,0.52000,0.00000,0.00000,0.53000,-0.64000,-7900.00000
0.97000,0.67000,0.52000,0.00000,-0.03000,0.53000,-0.64000,-15664.00000
0.97000,0.67000,0.52000,0.00000,0.00000,0.53000,-0.65000,-23644.00000
0.97000,0.67000,0.52000,0.00000,0.00000,0.53000,-0.65000,-31468.00000
0.97000,0.67000,0.54000,0.00000,-1.51000,0.53000,-0.65000,26296.00000
0.97000,0.67000,0.57000,0.00000,-1.53000,0.45000,-0.68000,18240.00000
0.97000,0.67000,0.61000,0.00000,-2.04000,0.30000,-0.75000,10236.00000
0.97000,0.67000,0.66000,0.00000,-2.34000,-0.03000,-0.92000,2212.00000
0.96000,0.66000,0.71000,0.00000,-2.45000,-0.60000,-1.22000,-5792.00000
0.96000,0.66000,0.75000,0.00000,-2.06000,-1.23000,-1.62000,-13796.00000
0.96000,0.66000,0.78000,0.00000,-1.84000,-1.67000,-1.96000,-21860.00000
0.96000,0.66000,0.82000,-0.03000,-1.81000,-1.97000,-2.20000,-29880.00000
0.96000,0.66000,0.85000,0.00000,-1.70000,-2.16000,-2.35000,27536.00000
0.96000,0.66000,0.89000,0.00000,-1.90000,-2.38000,-2.20000,19536.00000
0.95000,0.65000,0.92000,-0.03000,-1.95000,-2.23000,-2.00000,11472.00000
0.95000,0.65000,0.95000,-1.17000,-2.29000,-1.97000,-1.68000,3384.00000
0.95000,0.65000,0.94000,-2.23000,-2.09000,-1.74000,-1.39000,-4724.00000
0.94000,0.64000,0.93000,-2.98000,-2.23000,-1.71000,-1.35000,-12864.00000
0.94000,0.64000,0.91000,-3.01000,-2.09000,-1.76000,-1.42000,-21092.00000
0.94000,0.63000,0.90000,-2.23000,-1.90000,-1.84000,-1.52000,-29280.00000
0.94000,0.63000,0.91000,-1.31000,-1.78000,-1.84000,-1.51000,28120.00000
0.93000,0.63000,0.91000,-1.31000,-1.39000,-1.70000,-1.33000,20000.00000
0.93000,0.63000,0.92000,-1.12000,-1.23000,-1.62000,-1.23000,11880.00000
0.93000,0.62000,0.93000,-0.89000,-1.51000,-1.55000,-1.12000,3784.00000
0.93000,0.62000,0.93000,-1.25000,-1.20000,-1.37000,-0.85000,-4308.00000
0.93000,0.62000,0.92000,-1.39000,-1.09000,-1.31000,-0.75000,-12408.00000
0.93000,0.62000,0.92000,-1.23000,-1.17000,-1.28000,-0.70000,-20516.00000
0.92000,0.61000,0.91000,-1.51000,-0.84000,-1.21000,-0.58000,-28628.00000
0.92000,0.61000,0.89000,-1.17000,-0.28000,-1.34000,-0.80000,28760.00000
0.92000,0.61000,0.87000,-1.06000,0.00000,-1.49000,-1.04000,20692.00000
0.92000,0.61000,0.85000,-1.14000,0.00000,-1.68000,-1.31000,12692.00000
0.92000,0.61000,0.82000,-1.20000,0.00000,-1.88000,-1.57000,4660.00000
0.92000,0.61000,0.80000,-1.25000,0.00000,-2.06000,-1.79000,-3292.00000
0.92000,0.61000,0.76000,-1.90000,-0.03000,-2.22000,-1.98000,-11272.00000
0.91000,0.60000,0.76000,-2.03000,-1.98000,-2.37000,-2.18000,-19356.00000
0.91000,0.60000,0.76000,-2.81000,-2.79000,-2.37000,-2.19000,-27524.00000
0.90000,0.59000,0.78000,-2.95000,-3.73000,-2.37000,-2.19000,29784.00000
0.90000,0.59000,0.80000,-2.51000,-3.46000,-2.32000,-2.11000,21580.00000
0.89000,0.58000,0.81000,-2.98000,-3.59000,-2.22000,-1.99000,13380.00000
0.89000,0.58000,0.81000,-2.93000,-3.15000,-2.13000,-1.88000,5128.00000
0.88000,0.57000,0.80000,-2.82000,-2.20000,-2.08000,-1.81000,-3012.00000
0.88000,0.57000,0.80000,-2.12000,-2.26000,-2.14000,-1.89000,-11132.00000
0.88000,0.57000,0.81000,-1.62000,-1.84000,-2.10000,-1.85000,-19332.00000
0.87000,0.56000,0.80000,-1.62000,-1.23000,-2.06000,-1.79000,-27460.00000
0.87000,0.56000,0.80000,-1.48000,-1.37000,-2.10000,-1.84000,29952.00000
0.87000,0.56000,0.80000,-1.62000,-1.67000,-2.10000,-1.84000,21840.00000
0.87000,0.56000,0.79000,-2.03000,-1.76000,-2.08000,-1.81000,13684.00000
0.86000,0.55000,0.79000,-2.01000,-2.01000,-2.09000,-1.84000,5508.00000
0.86000,0.55000,0.79000,-2.17000,-2.06000,-2.07000,-1.81000,-2528.00000
0.86000,0.55000,0.79000,-2.17000,-1.90000,-2.06000,-1.80000,-10640.00000
0.85000,0.54000,0.79000,-2.06000,-2.20000,-2.08000,-1.81000,-18792.00000
0.85000,0.54000,0.78000,-2.12000,-1.90000,-2.03000,-1.76000,-26960.00000
0.85000,0.53000,0.79000,-2.15000,-2.23000,-2.03000,-1.76000,30408.00000
0.84000,0.53000,0.78000,-2.12000,-1.76000,-1.98000,-1.70000,22268.00000
0.84000,0.53000,0.78000,-2.23000,-2.17000,-2.00000,-1.72000,14096.00000
0.83000,0.52000,0.77000,-2.09000,-1.92000,-1.97000,-1.68000,5940.00000
0.83000,0.52000,0.77000,-2.26000,-2.03000,-1.95000,-1.65000,-2208.00000
0.83000,0.52000,0.77000,-2.17000,-2.06000,-1.93000,-1.63000,-10304.00000
0.82000,0.51000,0.77000,-1.95000,-1.81000,-1.88000,-1.57000,-18520.00000
0.82000,0.51000,0.76000,-2.09000,-1.87000,-1.84000,-1.52000,-26668.00000
0.82000,0.51000,0.76000,-1.90000,-1.62000,-1.80000,-1.47000,30684.00000
0.82000,0.51000,0.75000,-1.87000,-1.37000,-1.77000,-1.42000,22576.00000
0.81000,0.50000,0.74000,-1.92000,-1.59000,-1.77000,-1.43000,14380.00000
0.81000,0.50000,0.72000,-2.01000,-1.06000,-2.20000,-1.96000,6252.00000
0.81000,0.50000,0.72000,-1.73000,-1.51000,-2.29000,-2.07000,-1812.00000
0.80000,0.50000,0.71000,-1.78000,-1.48000,-2.30000,-2.09000,-9928.00000
0.80000,0.49000,0.71000,-1.73000,-1.81000,-2.32000,-2.12000,-18008.00000
0.80000,0.49000,0.71000,-2.12000,-2.15000,-2.31000,-2.11000,-26172.00000
0.79000,0.49000,0.71000,-2.31000,-2.40000,-2.31000,-2.10000,31188.00000
0.79000,0.48000,0.71000,-2.31000,-2.26000,-2.30000,-2.08000,23012.00000
0.78000,0.48000,0.71000,-2.42000,-2.23000,-2.29000,-2.08000,14848.00000
0.78000,0.47000,0.71000,-2.31000,-2.20000,-2.31000,-2.10000,6664.00000
0.78000,0.47000,0.70000,-2.29000,-1.92000,-2.31000,-2.10000,-1492.00000
0.77000,0.47000,0.70000,-2.37000,-2.26000,-2.33000,-2.13000,-9592.00000
0.77000,0.46000,0.69000,-2.29000,-1.95000,-2.34000,-2.14000,-17708.00000
0.76000,0.46000,0.69000,-2.51000,-2.17000,-2.36000,-2.16000,-25896.00000
0.76000,0.46000,0.68000,-2.40000,-2.15000,-2.37000,-2.19000,31480.00000
0.76000,0.45000,0.68000,-2.51000,-2.29000,-2.39000,-2.21000,23284.00000
0.75000,0.45000,0.67000,-2.62000,-2.45000,-2.40000,-2.22000,15092.00000
0.75000,0.45000,0.67000,-2.42000,-2.26000,-2.40000,-2.23000,6920.00000
0.74000,0.44000,0.67000,-2.26000,-2.34000,-2.41000,-2.24000,-1240.00000
0.74000,0.44000,0.67000,-2.51000,-2.48000,-2.41000,-2.24000,-9368.00000
0.73000,0.44000,0.67000,-2.37000,-2.23000,-2.41000,-2.24000,-17496.00000
0.73000,0.43000,0.67000,-2.09000,-2.09000,-2.25000,-2.41000,-25740.00000
0.72000,0.43000,0.66000,-2.17000,-1.95000,-2.25000,-2.41000,31676.00000
0.72000,0.43000,0.67000,-1.84000,-1.92000,-2.23000,-2.40000,23516.00000
0.72000,0.42000,0.67000,-2.09000,-2.15000,-2.24000,-2.41000,15368.00000
0.71000,0.42000,0.67000,-1.98000,-2.01000,-2.24000,-2.41000,7196.00000
0.71000,0.42000,0.67000,-2.23000,-2.34000,-2.24000,-2.41000,-956.00000
0.71000,0.41000,0.67000,-2.40000,-2.20000,-2.25000,-2.41000,-9028.00000
0.70000,0.41000,0.67000,-2.09000,-2.29000,-2.23000,-2.40000,-17196.00000
0.70000,0.41000,0.67000,-2.26000,-2.45000,-2.37000,-2.18000,-25380.00000
0.69000,0.40000,0.67000,-2.34000,-2.29000,-2.36000,-2.16000,31996.00000
0.69000,0.40000,0.67000,-2.26000,-2.20000,-2.36000,-2.17000,23796.00000
0.68000,0.40000,0.67000,-2.62000,-2.37000,-2.36000,-2.17000,15640.00000
0.68000,0.39000,0.66000,-2.45000,-2.23000,-2.37000,-2.19000,7488.00000
0.67000,0.39000,0.66000,-2.48000,-2.48000,-2.38000,-2.20000,-704.00000
0.67000,0.39000,0.66000,-2.54000,-2.48000,-2.38000,-2.20000,-8736.00000
0.66000,0.38000,0.66000,-2.68000,-2.54000,-2.38000,-2.20000,-16864.00000
0.66000,0.38000,0.66000,-2.17000,-2.09000,-2.39000,-2.21000,-25056.00000
0.66000,0.38000,0.65000,-2.48000,-1.95000,-2.39000,-2.22000,32344.00000
0.65000,0.37000,0.64000,-2.84000,-2.54000,-2.24000,-2.41000,24132.00000
0.65000,0.37000,0.64000,-2.62000,-2.54000,-2.22000,-2.40000,15944.00000
0.64000,0.37000,0.64000,-2.17000,-2.17000,-2.21000,-2.39000,7736.00000
0.64000,0.36000,0.64000,-2.06000,-2.15000,-2.21000,-2.39000,-360.00000
0.63000,0.36000,0.64000,-2.03000,-2.06000,-2.22000,-2.39000,-8420.00000
0.63000,0.36000,0.64000,-2.03000,-1.95000,-2.22000,-2.39000,-16560.00000
0.63000,0.35000,0.65000,-1.89000,-2.31000,-2.21000,-2.39000,-24704.00000
0.62000,0.35000,0.65000,-2.06000,-2.23000,-2.24000,-2.41000,32620.00000
0.62000,0.35000,0.65000,-2.23000,-2.26000,-2.25000,-2.41000,24440.00000
0.61000,0.34000,0.65000,-2.42000,-2.31000,-2.41000,-2.25000,16280.00000
0.61000,0.34000,0.64000,-2.54000,-2.17000,-2.24000,-2.41000,8092.00000
0.60000,0.34000,0.64000,-2.62000,-2.37000,-2.21000,-2.39000,-68.00000
0.60000,0.33000,0.63000,-2.68000,-2.48000,-2.19000,-2.37000,-8132.00000
0.59000,0.33000,0.63000,-2.70000,-2.62000,-2.17000,-2.36000,-16296.00000
0.59000,0.33000,0.64000,-2.54000,-2.79000,-2.14000,-2.34000,-24472.00000
0.58000,0.32000,0.65000,-2.26000,-2.76000,-2.34000,-2.14000,-32688.00000
0.58000,0.32000,0.65000,-2.31000,-2.37000,-2.29000,-2.08000,24644.00000
0.58000,0.32000,0.65000,-2.20000,-2.15000,-2.28000,-2.07000,16452.00000
0.57000,0.31000,0.64000,-2.23000,-2.15000,-2.28000,-2.07000,8280.00000
0.57000,0.31000,0.64000,-2.23000,-2.06000,-2.28000,-2.07000,144.00000
0.56000,0.31000,0.65000,-1.87000,-2.12000,-2.29000,-2.08000,-7924.00000
0.56000,0.30000,0.64000,-1.95000,-1.70000,-2.26000,-2.04000,-16052.00000
0.56000,0.30000,0.64000,-2.06000,-1.98000,-2.28000,-2.06000,-24172.00000
0.55000,0.30000,0.63000,-2.15000,-1.62000,-2.28000,-2.06000,-32312.00000
0.55000,0.30000,0.63000,-2.15000,-2.09000,-2.32000,-2.11000,25076.00000
0.55000,0.29000,0.63000,-1.95000,-1.81000,-2.32000,-2.11000,16892.00000
0.54000,0.29000,0.62000,-2.20000,-2.17000,-2.32000,-2.12000,8740.00000
0.54000,0.29000,0.62000,-2.12000,-1.90000,-2.32000,-2.12000,664.00000
0.53000,0.28000,0.62000,-2.20000,-1.98000,-2.33000,-2.13000,-7440.00000
0.53000,0.28000,0.61000,-2.40000,-2.06000,-2.34000,-2.15000,-15544.00000
0.52000,0.28000,0.60000,-2.20000,-1.95000,-2.36000,-2.17000,-23744.00000
0.52000,0.28000,0.60000,-2.68000,-2.45000,-2.38000,-2.19000,-31940.00000
0.51000,0.27000,0.59000,-2.79000,-2.31000,-2.39000,-2.21000,25436.00000
0.51000,0.27000,0.59000,-2.73000,-2.54000,-2.41000,-2.24000,17196.00000
0.50000,0.26000,0.59000,-2.73000,-2.73000,-2.24000,-2.41000,9000.00000
0.50000,0.26000,0.59000,-2.68000,-2.56000,-2.24000,-2.41000,908.00000
0.49000,0.26000,0.58000,-2.67000,-2.48000,-2.24000,-2.41000,-7184.00000
0.49000,0.25000,0.58000,-2.48000,-2.40000,-2.22000,-2.40000,-15380.00000
0.48000,0.25000,0.58000,-2.31000,-2.37000,-2.21000,-2.39000,-23548.00000
0.48000,0.25000,0.59000,-2.15000,-2.40000,-2.21000,-2.39000,-31728.00000
0.48000,0.25000,0.60000,-1.84000,-2.31000,-2.32000,-2.11000,25612.00000
0.47000,0.24000,0.60000,-2.03000,-2.15000,-2.27000,-2.06000,17476.00000
0.47000,0.24000,0.59000,-1.98000,-1.78000,-2.26000,-2.04000,9292.00000
0.46000,0.24000,0.58000,-2.34000,-1.76000,-2.27000,-2.05000,1192.00000
0.46000,0.24000,0.57000,-2.20000,-1.81000,-2.32000,-2.11000,-6900.00000
0.46000,0.23000,0.57000,-2.34000,-1.87000,-2.34000,-2.14000,-15060.00000
0.45000,0.23000,0.56000,-2.48000,-2.20000,-2.37000,-2.18000,-23244.00000
0.45000,0.23000,0.56000,-2.40000,-2.23000,-2.38000,-2.20000,-31392.00000
0.44000,0.22000,0.55000,-2.29000,-1.90000,-2.39000,-2.21000,25920.00000
0.44000,0.22000,0.54000,-2.59000,-2.20000,-2.41000,-2.24000,17740.00000
0.43000,0.22000,0.54000,-2.37000,-2.09000,-2.23000,-2.40000,9628.00000
0.43000,0.22000,0.53000,-2.62000,-2.43000,-2.21000,-2.38000,1440.00000
0.42000,0.21000,0.53000,-2.59000,-2.59000,-2.19000,-2.37000,-6688.00000
0.42000,0.21000,0.53000,-2.51000,-2.59000,-2.18000,-2.37000,-14772.00000
0.41000,0.21000,0.54000,-2.34000,-2.42000,-2.18000,-2.37000,-23012.00000
0.41000,0.20000,0.54000,-2.40000,-2.48000,-2.19000,-2.37000,-31224.00000
0.40000,0.20000,0.54000,-2.31000,-2.34000,-2.19000,-2.37000,26204.00000
0.40000,0.20000,0.54000,-2.06000,-2.17000,-2.19000,-2.37000,17976.00000
0.39000,0.19000,0.54000,-2.29000,-2.40000,-2.19000,-2.38000,9824.00000
0.39000,0.19000,0.54000,-2.01000,-2.15000,-2.20000,-2.38000,1724.00000
0.38000,0.19000,0.54000,-1.98000,-1.98000,-2.20000,-2.38000,-6420.00000
0.38000,0.19000,0.54000,-2.01000,-1.95000,-2.20000,-2.38000,-14480.00000
0.38000,0.19000,0.55000,-1.87000,-2.03000,-2.19000,-2.38000,-22668.00000
0.37000,0.18000,0.55000,-2.09000,-2.17000,-2.20000,-2.38000,-30816.00000
0.37000,0.18000,0.55000,-1.92000,-2.12000,-2.20000,-2.38000,26524.00000
0.36000,0.18000,0.55000,-2.59000,-2.65000,-2.28000,-2.06000,18340.00000
0.36000,0.17000,0.55000,-2.42000,-2.28000,-2.26000,-2.04000,10216.00000
0.35000,0.17000,0.55000,-2.79000,-2.51000,-2.27000,-2.05000,1988.00000
0.35000,0.17000,0.54000,-2.68000,-2.56000,-2.29000,-2.07000,-6152.00000
0.34000,0.16000,0.54000,-2.62000,-2.54000,-2.29000,-2.08000,-14260.00000
0.34000,0.16000,0.54000,-2.26000,-2.34000,-2.29000,-2.07000,-22488.00000
0.33000,0.16000,0.55000,-2.17000,-2.40000,-2.27000,-2.06000,-30696.00000
0.33000,0.16000,0.54000,-2.42000,-2.23000,-2.24000,-2.02000,26716.00000
0.32000,0.15000,0.54000,-2.20000,-2.03000,-2.25000,-2.03000,18488.00000
0.32000,0.15000,0.54000,-2.59000,-2.45000,-2.26000,-2.04000,10328.00000
0.31000,0.15000,0.53000,-2.17000,-2.01000,-2.26000,-2.04000,2172.00000
0.31000,0.14000,0.54000,-2.04000,-2.23000,-2.26000,-2.04000,-5988.00000
0.31000,0.14000,0.54000,-2.09000,-1.95000,-2.23000,-2.01000,-14100.00000
0.30000,0.14000,0.54000,-1.62000,-1.78000,-2.23000,-2.01000,-22264.00000
0.30000,0.14000,0.54000,-2.01000,-1.87000,-2.20000,-1.97000,-30412.00000
0.29000,0.14000,0.53000,-2.09000,-1.76000,-2.20000,-1.97000,26960.00000
0.29000,0.13000,0.52000,-2.37000,-1.92000,-2.22000,-1.99000,18816.00000
0.29000,0.13000,0.51000,-2.20000,-1.76000,-2.25000,-2.03000,10664.00000
0.28000,0.13000,0.50000,-2.48000,-2.06000,-2.28000,-2.06000,2476.00000
0.28000,0.13000,0.50000,-2.43000,-2.03000,-2.30000,-2.09000,-5628.00000
0.27000,0.12000,0.50000,-2.37000,-2.31000,-2.32000,-2.12000,-13732.00000
0.27000,0.12000,0.49000,-2.29000,-2.15000,-2.31000,-2.11000,-21952.00000
0.26000,0.12000,0.49000,-2.62000,-2.26000,-2.31000,-2.10000,-30124.00000
0.26000,0.11000,0.48000,-2.42000,-2.17000,-2.31000,-2.10000,27268.00000
0.25000,0.11000,0.47000,-2.48000,-2.15000,-2.32000,-2.12000,19048.00000
0.25000,0.11000,0.47000,-2.59000,-2.51000,-2.34000,-2.15000,10868.00000
0.24000,0.11000,0.47000,-2.26000,-2.09000,-2.35000,-2.15000,2740.00000
0.24000,0.10000,0.47000,-2.37000,-2.26000,-2.35000,-2.16000,-5416.00000
0.23000,0.10000,0.47000,-2.40000,-2.29000,-2.36000,-2.17000,-13564.00000
0.23000,0.10000,0.46000,-2.03000,-1.92000,-2.36000,-2.17000,-21692.00000
0.22000,0.10000,0.46000,-2.15000,-2.20000,-2.37000,-2.18000,-29892.00000
0.22000,0.10000,0.46000,-2.20000,-2.09000,-2.36000,-2.17000,27548.00000
0.21000,0.09000,0.46000,-2.20000,-2.17000,-2.37000,-2.18000,19308.00000
0.21000,0.09000,0.46000,-2.62000,-2.29000,-2.37000,-2.18000,11184.00000
0.20000,0.09000,0.45000,-2.37000,-2.23000,-2.38000,-2.20000,3000.00000
0.20000,0.09000,0.46000,-2.29000,-2.48000,-2.39000,-2.21000,-5128.00000
0.19000,0.08000,0.46000,-2.20000,-2.26000,-2.38000,-2.19000,-13256.00000
0.19000,0.08000,0.45000,-2.17000,-1.92000,-2.37000,-2.18000,-21408.00000
0.19000,0.08000,0.45000,-2.20000,-2.06000,-2.38000,-2.20000,-29588.00000
0.18000,0.08000,0.44000,-2.34000,-2.01000,-2.39000,-2.21000,27784.00000
0.18000,0.07000,0.44000,-2.45000,-2.51000,-2.40000,-2.23000,19628.00000
0.17000,0.07000,0.44000,-2.42000,-2.17000,-2.40000,-2.23000,11464.00000
0.16000,0.07000,0.43000,-2.82000,-2.48000,-2.41000,-2.24000,3272.00000
0.16000,0.07000,0.43000,-2.65000,-2.56000,-2.23000,-2.40000,-4840.00000
0.15000,0.06000,0.43000,-2.40000,-2.34000,-2.22000,-2.40000,-12960.00000
0.15000,0.06000,0.43000,-2.51000,-2.51000,-2.21000,-2.39000,-21144.00000
0.14000,0.06000,0.43000,-2.45000,-2.54000,-2.38000,-2.20000,-29276.00000
0.14000,0.06000,0.43000,-2.51000,-2.28000,-2.37000,-2.19000,28080.00000
0.13000,0.05000,0.43000,-2.51000,-2.37000,-2.38000,-2.20000,19860.00000
0.13000,0.05000,0.43000,-2.29000,-2.37000,-2.39000,-2.21000,11724.00000
0.12000,0.05000,0.43000,-2.06000,-2.06000,-2.38000,-2.20000,3556.00000
0.12000,0.05000,0.42000,-2.31000,-2.20000,-2.38000,-2.20000,-4500.00000
0.11000,0.05000,0.42000,-2.31000,-2.23000,-2.39000,-2.21000,-12608.00000
0.11000,0.04000,0.42000,-2.37000,-2.12000,-2.39000,-2.21000,-20760.00000
0.10000,0.04000,0.42000,-2.48000,-2.42000,-2.40000,-2.23000,-28944.00000
0.10000,0.04000,0.42000,-2.26000,-2.17000,-2.40000,-2.23000,28468.00000
0.09000,0.04000,0.41000,-2.29000,-2.01000,-2.41000,-2.24000,20276.00000
0.09000,0.03000,0.40000,-2.51000,-2.20000,-2.24000,-2.41000,12140.00000
0.08000,0.03000,0.39000,-2.28000,-1.81000,-2.22000,-2.39000,4004.00000
0.08000,0.03000,0.39000,-2.45000,-2.23000,-2.18000,-2.36000,-4136.00000
0.07000,0.03000,0.38000,-2.42000,-2.03000,-2.15000,-2.34000,-12240.00000
0.07000,0.03000,0.38000,-2.12000,-1.98000,-2.10000,-2.31000,-20444.00000
0.06000,0.02000,0.38000,-2.23000,-2.20000,-2.08000,-2.29000,-28584.00000
0.06000,0.02000,0.38000,-1.90000,-1.95000,-2.06000,-2.27000,28828.00000
0.06000,0.02000,0.38000,-2.12000,-2.23000,-2.04000,-2.26000,20660.00000
0.05000,0.02000,0.38000,-2.20000,-2.17000,-2.04000,-2.26000,12532.00000
0.05000,0.02000,0.38000,-2.31000,-2.29000,-2.00000,-2.23000,4360.00000
0.04000,0.01000,0.38000,-2.42000,-2.42000,-1.96000,-2.20000,-3724.00000
0.04000,0.01000,0.38000,-1.98000,-2.12000,-0.57000,0.58000,-11800.00000
0.03000,0.01000,0.38000,-1.45000,-1.12000,-0.57000,0.58000,-19996.00000
0.03000,0.01000,0.36000,-0.70000,0.00000,-0.57000,0.58000,-28052.00000
0.03000,0.01000,0.36000,-0.25000,0.00000,-0.57000,0.57000,29508.00000
0.03000,0.01000,0.36000,0.00000,0.00000,-0.56000,0.57000,21548.00000
0.03000,0.01000,0.36000,0.00000,0.00000,-0.56000,0.57000,13756.00000
0.03000,0.01000,0.36000,0.00000,0.00000,-0.56000,0.57000,5972.00000
0.03000,0.01000,0.36000,0.00000,0.00000,-0.56000,0.57000,-1772.00000
0.03000,0.01000,0.36000,0.00000,0.00000,-0.56000,0.57000,-9512.00000
0.03000,0.01000,0.36000,0.00000,0.00000,-0.56000,0.57000,-17264.00000
0.03000,0.01000,0.36000,0.00000,0.00000,-0.56000,0.57000,-25056.00000
0.03000,0.01000,0.36000,-0.06000,0.00000,-0.56000,0.57000,32696.00000
0.03000,0.01000,0.35000,-0.28000,0.00000,-0.56000,0.57000,24752.00000
0.03000,0.01000,0.35000,-0.31000,0.00000,-0.56000,0.57000,16792.00000
0.03000,0.01000,0.33000,-0.92000,0.00000,-0.56000,0.57000,8836.00000
0.03000,0.01000,0.32000,-0.53000,0.00000,-0.54000,0.56000,904.00000
0.03000,0.01000,0.32000,0.00000,0.00000,-0.53000,0.56000,-6952.00000
0.03000,0.01000,0.32000,0.00000,0.00000,-0.53000,0.56000,-14692.00000
0.03000,0.01000,0.32000,0.00000,0.00000,-0.53000,0.56000,-22488.00000
0.03000,0.01000,0.32000,-0.03000,0.00000,-0.53000,0.56000,-30276.00000
0.03000,0.01000,0.32000,-0.06000,0.00000,-0.53000,0.56000,27316.00000
0.03000,0.01000,0.32000,-0.08000,0.00000,-0.53000,0.56000,19384.00000
0.03000,0.01000,0.31000,-0.14000,0.00000,-0.53000,0.56000,11444.00000
0.03000,0.01000,0.31000,0.00000,0.00000,-0.52000,0.56000,3500.00000
0.03000,0.01000,0.31000,-0.28000,0.00000,-0.52000,0.56000,-4240.00000
0.03000,0.01000,0.31000,-0.03000,0.00000,-0.52000,0.56000,-12144.00000
0.03000,0.01000,0.30000,-0.31000,0.00000,-0.52000,0.56000,-20092.00000
0.03000,0.01000,0.29000,-0.84000,0.00000,-0.51000,0.56000,-28036.00000
0.03000,0.01000,0.25000,-1.78000,0.00000,-0.47000,0.57000,29524.00000
0.02000,0.01000,0.22000,-1.73000,0.00000,-0.36000,0.62000,21504.00000
0.02000,0.01000,0.18000,-1.84000,0.00000,-0.15000,0.75000,13488.00000
0.02000,0.01000,0.17000,-0.75000,0.00000,0.23000,0.99000,5496.00000
0.02000,0.01000,0.16000,-0.14000,0.00000,0.45000,1.10000,-2412.00000
0.02000,0.01000,0.16000,0.00000,0.00000,0.49000,1.12000,-10308.00000
0.02000,0.01000,0.16000,0.00000,0.00000,0.49000,1.12000,-18104.00000
0.02000,0.01000,0.16000,0.00000,0.00000,0.49000,1.12000,-25880.00000
0.02000,0.01000,0.16000,0.00000,0.00000,0.49000,1.12000,31864.00000
0.02000,0.01000,0.16000,0.00000,0.00000,0.49000,1.12000,24080.00000
0.02000,0.01000,0.16000,0.00000,0.00000,0.49000,1.12000,16308.00000
0.02000,0.01000,0.16000,0.00000,0.00000,0.49000,1.12000,8524.00000
0.02000,0.01000,0.16000,0.00000,0.08000,0.49000,1.12000,788.00000
0.02000,0.01000,0.16000,0.00000,0.00000,0.51000,1.14000,-7040.00000
0.02000,0.01000,0.16000,0.00000,0.00000,0.51000,1.14000,-14784.00000
0.02000,0.01000,0.16000,0.00000,0.00000,0.51000,1.14000,-22564.00000
0.02000,0.01000,0.16000,0.00000,0.00000,0.51000,1.14000,-30356.00000
0.02000,0.01000,0.16000,0.00000,0.00000,0.51000,1.14000,27400.00000
0.02000,0.01000,0.16000,0.00000,0.00000,0.51000,1.14000,19612.00000
0.02000,0.01000,0.16000,0.00000,0.00000,0.51000,1.14000,11832.00000
0.02000,0.01000,0.16000,0.00000,0.00000,0.51000,1.14000,4052.00000
0.02000,0.01000,0.16000,0.00000,0.00000,0.51000,1.14000,-3680.00000
0.02000,0.01000,0.16000,0.00000,0.00000,0.51000,1.14000,-11424.00000
0.02000,0.01000,0.16000,0.00000,0.00000,0.51000,1.14000,-19212.00000
0.02000,0.01000,0.16000,0.00000,0.00000,0.51000,1.14000,-26996.00000
0.02000,0.01000,0.16000,0.00000,0.00000,0.51000,1.14000,30752.00000
0.02000,0.01000,0.16000,0.00000,0.00000,0.51000,1.14000,22972.00000
0.02000,0.01000,0.16000,0.00000,0.00000,0.51000,1.14000,15192.00000
0.02000,0.01000,0.16000,0.00000,0.00000,0.51000,1.14000,7408.00000
0.02000,0.01000,0.16000,0.00000,0.00000,0.51000,1.14000,-324.00000
0.02000,0.01000,0.16000,0.00000,0.00000,0.51000,1.14000,-8028.00000
0.02000,0.01000,0.16000,0.00000,0.00000,0.51000,1.14000,-15764.00000
0.02000,0.01000,0.16000,0.00000,0.00000,0.51000,1.14000,-23560.00000
0.02000,0.01000,0.16000,0.00000,0.03000,0.51000,1.14000,-31356.00000
0.02000,0.01000,0.16000,0.00000,0.00000,0.52000,1.14000,26260.00000
0.02000,0.01000,0.16000,0.00000,0.00000,0.52000,1.14000,18480.00000
0.02000,0.01000,0.16000,0.00000,0.00000,0.52000,1.14000,10704.00000
0.02000,0.01000,0.16000,0.00000,0.08000,0.52000,1.14000,2928.00000
0.02000,0.01000,0.15000,0.00000,0.53000,0.54000,1.16000,-4972.00000
0.02000,0.01000,0.14000,0.00000,0.33000,0.70000,1.24000,-12844.00000
0.02000,0.01000,0.14000,0.00000,0.25000,0.80000,1.30000,-20828.00000
0.02000,0.01000,0.14000,0.00000,0.00000,0.87000,1.34000,-28764.00000
0.02000,0.01000,0.14000,0.00000,0.00000,0.87000,1.34000,28972.00000
0.02000,0.01000,0.14000,0.00000,0.00000,0.87000,1.34000,21204.00000
0.02000,0.01000,0.14000,0.00000,0.00000,0.87000,1.34000,13404.00000
0.02000,0.01000,0.14000,0.00000,0.00000,0.87000,1.34000,5628.00000
0.02000,0.01000,0.14000,0.00000,0.00000,0.87000,1.34000,-2108.00000
0.02000,0.01000,0.12000,0.00000,0.78000,0.87000,1.34000,-9836.00000
0.02000,0.01000,0.08000,0.00000,2.20000,1.10000,1.48000,-17748.00000
0.03000,0.01000,0.02000,0.00000,3.34000,1.64000,1.88000,-25752.00000
0.03000,0.01000,-0.06000,0.00000,3.76000,2.18000,2.26000,31716.00000
0.04000,0.01000,-0.13000,0.03000,3.96000,2.21000,2.10000,23660.00000
0.04000,0.01000,-0.21000,0.00000,3.93000,1.65000,1.34000,15544.00000
0.05000,0.01000,-0.27000,0.00000,3.26000,0.98000,0.21000,7480.00000
0.05000,0.01000,-0.32000,0.00000,2.70000,0.63000,-0.34000,-488.00000
0.05000,0.01000,-0.36000,0.00000,1.65000,0.56000,-0.50000,-8440.00000
0.05000,0.01000,-0.36000,0.00000,0.39000,0.56000,-0.54000,-16388.00000
0.05000,0.01000,-0.36000,0.00000,0.00000,0.57000,-0.55000,-24348.00000
0.05000,0.01000,-0.36000,0.00000,0.00000,0.57000,-0.55000,-32148.00000
0.05000,0.01000,-0.36000,0.00000,0.03000,0.57000,-0.55000,25592.00000
0.05000,0.01000,-0.36000,0.00000,0.00000,0.57000,-0.55000,17640.00000
0.05000,0.01000,-0.36000,0.00000,0.00000,0.57000,-0.55000,9860.00000
0.05000,0.01000,-0.36000,0.00000,0.00000,0.57000,-0.55000,2100.00000
0.05000,0.01000,-0.36000,0.00000,0.00000,0.57000,-0.55000,-5640.00000
0.05000,0.01000,-0.36000,0.00000,0.00000,0.57000,-0.55000,-13392.00000
0.05000,0.01000,-0.36000,0.00000,0.00000,0.57000,-0.55000,-21196.00000
0.05000,0.01000,-0.36000,0.00000,0.00000,0.57000,-0.55000,-28992.00000
0.05000,0.01000,-0.36000,0.00000,0.00000,0.57000,-0.55000,28748.00000
0.05000,0.01000,-0.36000,0.00000,0.00000,0.57000,-0.55000,20960.00000
0.05000,0.01000,-0.36000,0.00000,0.00000,0.57000,-0.55000,13172.00000
0.05000,0.01000,-0.36000,0.00000,0.00000,0.57000,-0.55000,5376.00000
0.05000,0.01000,-0.36000,0.00000,0.00000,0.57000,-0.55000,-2364.00000
0.05000,0.01000,-0.36000,0.00000,0.00000,0.57000,-0.55000,-10124.00000
0.05000,0.01000,-0.36000,0.00000,0.00000,0.57000,-0.55000,-17920.00000
0.05000,0.01000,-0.36000,0.03000,0.00000,0.57000,-0.55000,-25716.00000
0.05000,0.01000,-0.36000,0.00000,0.00000,0.57000,-0.55000,31868.00000
0.05000,0.01000,-0.36000,0.00000,0.00000,0.57000,-0.55000,24076.00000
0.05000,0.01000,-0.36000,0.00000,0.00000,0.57000,-0.55000,16284.00000
0.05000,0.01000,-0.36000,0.00000,0.00000,0.57000,-0.55000,8484.00000
0.05000,0.01000,-0.36000,0.00000,0.00000,0.57000,-0.55000,740.00000
0.05000,0.01000,-0.36000,0.00000,0.00000,0.57000,-0.55000,-6972.00000
0.05000,0.01000,-0.36000,0.03000,0.00000,0.57000,-0.55000,-14724.00000
0.05000,0.01000,-0.36000,0.31000,0.00000,0.57000,-0.55000,-22660.00000
0.05000,0.01000,-0.33000,1.39000,0.00000,0.56000,-0.54000,-30668.00000
0.05000,0.00000,-0.32000,0.67000,0.00000,0.56000,-0.51000,26872.00000
0.05000,0.00000,-0.32000,0.00000,0.00000,0.56000,-0.49000,18936.00000
0.05000,0.00000,-0.32000,0.03000,0.00000,0.56000,-0.49000,11160.00000
0.05000,0.00000,-0.32000,0.00000,0.00000,0.56000,-0.49000,3232.00000
0.05000,0.00000,-0.32000,0.00000,0.00000,0.56000,-0.49000,-4496.00000
0.05000,0.00000,-0.32000,0.00000,0.00000,0.56000,-0.49000,-12232.00000
0.05000,0.00000,-0.32000,0.00000,0.00000,0.56000,-0.49000,-20016.00000
0.05000,0.00000,-0.32000,0.00000,0.00000,0.56000,-0.49000,-27800.00000
0.05000,0.00000,-0.32000,0.00000,0.00000,0.56000,-0.49000,29948.00000
0.05000,0.00000,-0.32000,0.00000,0.00000,0.56000,-0.49000,22180.00000
0.05000,0.00000,-0.32000,0.03000,0.00000,0.56000,-0.49000,14388.00000
0.05000,0.00000,-0.32000,0.00000,0.00000,0.56000,-0.49000,6464.00000
0.05000,0.00000,-0.32000,0.00000,0.00000,0.56000,-0.49000,-1264.00000
0.06000,0.00000,-0.31000,0.22000,0.00000,0.56000,-0.49000,-8992.00000
0.06000,0.00000,-0.30000,0.42000,0.00000,0.57000,-0.48000,-16920.00000
0.06000,0.00000,-0.29000,0.84000,0.00000,0.57000,-0.46000,-24856.00000
0.06000,0.00000,-0.26000,1.37000,0.00000,0.59000,-0.42000,32708.00000
0.06000,0.00000,-0.23000,1.39000,0.00000,0.65000,-0.30000,24716.00000
0.06000,0.00000,-0.21000,1.28000,0.00000,0.77000,-0.11000,16736.00000
0.06000,0.00000,-0.18000,1.39000,0.00000,0.94000,0.13000,8760.00000
0.06000,0.00000,-0.16000,1.14000,0.00000,1.14000,0.51000,840.00000
0.07000,0.00000,-0.14000,0.81000,0.00000,1.33000,0.85000,-7036.00000
0.07000,0.00000,-0.13000,0.89000,0.00000,1.47000,1.08000,-14964.00000
0.07000,0.00000,-0.10000,1.48000,0.00000,1.64000,1.32000,-22932.00000
0.07000,0.00000,-0.07000,1.53000,0.00000,1.89000,1.66000,-30924.00000
0.07000,0.00000,-0.03000,1.90000,0.00000,2.10000,1.95000,26600.00000
0.07000,0.00000,0.00000,1.78000,0.00000,2.27000,2.20000,18624.00000
0.08000,0.00000,0.04000,2.01000,0.00000,2.29000,2.32000,10632.00000
0.08000,0.00000,0.07000,1.87000,0.17000,2.07000,2.19000,2636.00000
0.08000,0.00000,0.11000,2.06000,0.03000,1.79000,1.98000,-5380.00000
0.08000,0.00000,0.14000,2.03000,0.50000,1.33000,1.64000,-13356.00000
0.09000,0.00000,0.15000,1.90000,1.73000,0.90000,1.36000,-21472.00000
0.09000,0.00000,0.16000,1.51000,0.56000,0.84000,1.32000,-29556.00000
0.09000,0.00000,0.18000,1.42000,0.45000,0.55000,1.16000,27876.00000
0.09000,0.00000,0.20000,0.70000,0.00000,0.26000,1.01000,19840.00000
0.09000,0.00000,0.20000,0.11000,0.00000,0.09000,0.91000,11888.00000
0.09000,0.00000,0.20000,0.03000,0.00000,0.07000,0.89000,3972.00000
0.09000,0.00000,0.20000,0.08000,0.00000,0.06000,0.89000,-3876.00000
0.09000,0.00000,0.20000,0.06000,0.00000,0.04000,0.87000,-11724.00000
0.09000,0.00000,0.20000,0.08000,0.00000,0.03000,0.87000,-19644.00000
0.09000,0.00000,0.20000,0.00000,0.00000,0.01000,0.86000,-27548.00000
0.09000,0.00000,0.20000,0.00000,0.00000,0.01000,0.86000,30240.00000
0.09000,0.00000,0.20000,0.00000,0.06000,0.01000,0.86000,22476.00000
0.09000,0.00000,0.20000,0.00000,0.25000,0.02000,0.86000,14564.00000
0.09000,0.00000,0.20000,0.00000,0.00000,0.08000,0.90000,6660.00000
0.10000,0.00000,0.19000,0.00000,0.59000,0.08000,0.90000,-1044.00000
0.10000,0.00000,0.19000,0.00000,0.00000,0.21000,0.98000,-8920.00000
0.10000,0.00000,0.19000,0.03000,0.00000,0.21000,0.98000,-16648.00000
0.10000,0.00000,0.19000,0.00000,0.00000,0.20000,0.98000,-24572.00000
0.10000,0.00000,0.19000,0.00000,0.00000,0.20000,0.98000,-32344.00000
0.10000,0.00000,0.19000,0.28000,0.00000,0.20000,0.98000,25408.00000
0.10000,0.00000,0.20000,0.28000,0.00000,0.13000,0.94000,17520.00000
0.10000,0.00000,0.21000,0.81000,0.00000,0.07000,0.90000,9564.00000
0.10000,0.00000,0.21000,0.42000,0.81000,-0.08000,0.79000,1688.00000
0.10000,0.00000,0.17000,0.00000,1.76000,-0.02000,0.83000,-6340.00000
0.10000,0.01000,0.13000,0.00000,2.12000,0.40000,1.08000,-14284.00000
0.11000,0.01000,0.09000,0.00000,2.37000,1.02000,1.43000,-22292.00000
0.11000,0.01000,0.05000,0.33000,2.34000,1.62000,1.86000,-30312.00000
0.11000,0.01000,0.02000,1.00000,2.20000,1.99000,2.13000,27128.00000
0.12000,0.01000,0.02000,2.06000,2.37000,2.15000,2.24000,19056.00000
0.12000,0.01000,0.02000,2.81000,2.79000,2.18000,2.26000,10924.00000
0.13000,0.01000,0.02000,2.95000,2.98000,2.18000,2.26000,2776.00000
0.14000,0.01000,0.01000,2.93000,3.20000,2.18000,2.26000,-5360.00000
0.15000,0.01000,0.00000,2.62000,3.07000,2.21000,2.27000,-13496.00000
0.15000,0.01000,-0.01000,2.56000,3.12000,2.26000,2.30000,-21668.00000
0.16000,0.01000,-0.02000,2.40000,2.81000,2.31000,2.32000,-29808.00000
0.16000,0.01000,-0.02000,2.20000,2.68000,2.33000,2.32000,27536.00000
0.17000,0.01000,-0.03000,2.37000,2.54000,2.31000,2.28000,19364.00000
0.18000,0.01000,-0.03000,2.45000,2.56000,2.30000,2.26000,11212.00000
0.18000,0.01000,-0.04000,2.12000,2.54000,2.30000,2.25000,3092.00000
0.19000,0.01000,-0.05000,1.92000,2.48000,2.27000,2.20000,-5016.00000
0.19000,0.01000,-0.05000,2.15000,2.37000,2.23000,2.14000,-13100.00000
0.20000,0.01000,-0.06000,2.20000,2.34000,2.22000,2.11000,-21288.00000
0.20000,0.01000,-0.05000,2.37000,2.06000,2.20000,2.09000,-29420.00000
0.21000,0.00000,-0.05000,2.20000,2.17000,2.23000,2.13000,27972.00000
0.21000,0.00000,-0.05000,2.12000,2.12000,2.23000,2.13000,19828.00000
0.22000,0.00000,-0.05000,2.17000,2.12000,2.23000,2.13000,11728.00000
0.22000,0.00000,-0.05000,2.03000,2.20000,2.23000,2.13000,3616.00000
0.23000,0.00000,-0.05000,2.26000,1.95000,2.22000,2.11000,-4484.00000
0.23000,0.00000,-0.04000,2.26000,2.17000,2.24000,2.15000,-12560.00000
0.24000,0.00000,-0.04000,2.40000,2.12000,2.24000,2.16000,-20724.00000
0.24000,0.00000,-0.03000,2.40000,2.06000,2.26000,2.19000,-28860.00000
0.25000,0.00000,-0.03000,2.31000,2.20000,2.28000,2.22000,28548.00000
0.26000,0.00000,-0.03000,2.40000,2.15000,2.29000,2.23000,20388.00000
0.26000,0.00000,-0.02000,2.48000,2.37000,2.30000,2.26000,12280.00000
0.27000,0.00000,-0.02000,2.42000,2.31000,2.30000,2.27000,4140.00000
0.27000,0.00000,-0.02000,2.54000,2.40000,2.31000,2.28000,-3980.00000
0.28000,0.00000,-0.02000,2.45000,2.42000,2.31000,2.29000,-12040.00000
0.28000,0.00000,-0.02000,2.15000,2.34000,2.32000,2.29000,-20208.00000
0.29000,0.00000,-0.03000,2.20000,2.65000,2.31000,2.27000,-28388.00000
0.30000,0.00000,-0.03000,2.17000,2.37000,2.28000,2.23000,29020.00000
0.30000,0.00000,-0.03000,2.06000,2.04000,2.27000,2.21000,20880.00000
0.31000,0.00000,-0.03000,2.29000,1.87000,2.27000,2.21000,12776.00000
0.31000,0.00000,-0.02000,2.09000,1.78000,2.30000,2.25000,4660.00000
0.31000,0.00000,-0.01000,2.26000,1.98000,2.31000,2.28000,-3444.00000
0.32000,0.00000,-0.01000,2.26000,2.09000,2.32000,2.31000,-11480.00000
0.33000,0.00000,-0.01000,2.17000,2.23000,2.33000,2.32000,-19648.00000
0.33000,0.00000,-0.01000,2.56000,2.45000,2.32000,2.31000,-27772.00000
0.34000,0.00000,-0.01000,2.48000,2.45000,2.33000,2.32000,29612.00000
0.34000,0.00000,-0.01000,2.45000,2.56000,2.33000,2.33000,21444.00000
0.35000,0.00000,-0.01000,2.43000,2.51000,2.33000,2.32000,13292.00000
0.35000,0.00000,-0.01000,2.40000,2.37000,2.32000,2.31000,5160.00000
0.36000,0.00000,-0.01000,2.45000,2.40000,2.32000,2.31000,-2968.00000
0.37000,0.00000,-0.01000,2.40000,2.54000,2.33000,2.32000,-11056.00000
0.37000,0.00000,-0.02000,2.37000,2.45000,2.32000,2.30000,-19220.00000
0.38000,0.00000,-0.01000,2.48000,2.34000,2.32000,2.30000,-27396.00000
0.38000,0.00000,-0.01000,2.45000,2.45000,2.32000,2.31000,30008.00000
0.39000,0.00000,-0.02000,2.26000,2.40000,2.32000,2.31000,21888.00000
0.39000,0.00000,-0.03000,1.92000,2.43000,2.32000,2.30000,13732.00000
0.40000,0.00000,-0.03000,2.12000,2.37000,2.29000,2.25000,5632.00000
0.40000,0.00000,-0.04000,1.98000,2.23000,2.28000,2.22000,-2456.00000
0.41000,-0.00000,-0.03000,2.40000,2.15000,2.27000,2.19000,-10520.00000
0.42000,-0.00000,-0.03000,2.31000,2.12000,2.28000,2.22000,-18672.00000
0.42000,-0.00000,-0.02000,2.17000,2.09000,2.29000,2.24000,-26844.00000
0.43000,-0.00000,-0.02000,2.26000,2.17000,2.29000,2.25000,30564.00000
0.43000,-0.00000,-0.02000,2.06000,2.03000,2.30000,2.25000,22428.00000
0.44000,-0.00000,-0.02000,2.31000,2.09000,2.30000,2.25000,14276.00000
0.44000,-0.00000,-0.02000,2.26000,2.17000,2.31000,2.28000,6160.00000
0.45000,-0.00000,-0.01000,2.37000,2.23000,2.31000,2.28000,-1948.00000
0.45000,-0.00000,-0.01000,2.62000,2.45000,2.32000,2.30000,-10048.00000
0.46000,-0.00000,-0.01000,2.54000,2.31000,2.32000,2.31000,-18204.00000
0.46000,-0.00000,-0.00000,2.48000,2.37000,2.33000,2.33000,-26360.00000
0.47000,-0.00000,-0.00000,2.43000,2.40000,2.32000,2.33000,31024.00000
0.48000,-0.00000,-0.00000,2.37000,2.20000,2.32000,2.33000,22896.00000
0.48000,-0.00000,0.00000,2.29000,2.20000,2.31000,2.32000,14736.00000
0.49000,-0.00000,-0.00000,2.17000,2.31000,2.30000,2.32000,6620.00000
0.49000,-0.00000,-0.00000,2.20000,2.23000,2.31000,2.32000,-1456.00000
0.50000,-0.00000,-0.01000,2.09000,2.51000,2.31000,2.32000,-9556.00000
0.50000,-0.00000,-0.02000,2.20000,2.48000,2.32000,2.31000,-17640.00000
0.51000,-0.00000,-0.02000,2.20000,2.20000,2.31000,2.29000,-25772.00000
0.51000,-0.00000,-0.01000,2.48000,2.15000,2.31000,2.29000,31632.00000
0.52000,-0.00000,-0.00000,2.29000,2.06000,2.33000,2.32000,23492.00000
0.52000,-0.00000,-0.00000,2.20000,2.04000,2.33000,2.33000,15328.00000
0.53000,-0.00000,-0.00000,2.29000,2.26000,2.31000,2.32000,7224.00000
0.53000,-0.00000,0.00000,2.29000,2.12000,2.31000,2.32000,-904.00000
0.54000,-0.00000,0.00000,2.34000,2.34000,2.30000,2.32000,-8960.00000
0.54000,-0.00000,0.00000,2.29000,2.20000,2.29000,2.32000,-17020.00000
0.55000,-0.00000,0.00000,2.23000,2.31000,2.29000,2.31000,-25164.00000
0.56000,-0.00000,-0.00000,2.23000,2.40000,2.29000,2.32000,32244.00000
0.56000,-0.00000,0.00000,2.42000,2.17000,2.31000,2.32000,24108.00000
0.57000,-0.00000,0.01000,2.43000,2.34000,2.29000,2.31000,15952.00000
0.57000,-0.00000,-0.00000,2.37000,2.68000,2.28000,2.31000,7820.00000
0.58000,-0.00000,-0.00000,2.45000,2.62000,2.30000,2.32000,-296.00000
0.59000,-0.00000,-0.00000,2.54000,2.51000,2.32000,2.33000,-8360.00000
0.59000,-0.00000,-0.00000,2.48000,2.42000,2.32000,2.32000,-16480.00000
0.60000,-0.00000,-0.00000,2.15000,2.26000,2.31000,2.32000,-24632.00000
0.60000,-0.00000,-0.01000,1.87000,2.34000,2.32000,2.33000,32748.00000
0.61000,-0.00000,-0.02000,2.15000,2.31000,2.32000,2.30000,24624.00000
0.61000,-0.00000,-0.02000,2.15000,2.26000,2.31000,2.29000,16480.00000
0.62000,-0.00000,-0.02000,2.48000,2.34000,2.31000,2.28000,8304.00000
0.62000,-0.00000,-0.01000,2.48000,2.29000,2.31000,2.29000,228.00000
0.63000,-0.00000,-0.01000,2.37000,2.26000,2.32000,2.30000,-7852.00000
0.63000,-0.00000,-0.01000,2.31000,2.37000,2.32000,2.31000,-15968.00000
0.64000,-0.00000,-0.01000,2.20000,2.09000,2.32000,2.31000,-24112.00000
0.64000,-0.00000,-0.01000,2.20000,2.12000,2.33000,2.32000,-32264.00000
0.65000,-0.00000,-0.01000,2.34000,2.26000,2.33000,2.32000,25144.00000
0.66000,-0.00000,-0.00000,2.40000,2.23000,2.33000,2.33000,17004.00000
0.66000,-0.00000,0.00000,2.56000,2.42000,2.32000,2.33000,8864.00000
0.67000,-0.00000,0.00000,2.54000,2.45000,2.30000,2.32000,748.00000
0.67000,-0.00000,0.01000,2.54000,2.34000,2.30000,2.32000,-7264.00000
0.68000,-0.00000,0.01000,2.54000,2.51000,2.28000,2.31000,-15384.00000
0.69000,-0.00000,0.01000,2.45000,2.42000,2.27000,2.31000,-23540.00000
0.69000,-0.00000,0.01000,2.29000,2.20000,2.27000,2.31000,-31696.00000
0.70000,-0.00000,0.00000,2.06000,2.42000,2.26000,2.30000,25688.00000
0.70000,-0.00000,-0.00000,2.09000,2.29000,2.29000,2.32000,17548.00000
0.71000,-0.00000,-0.01000,2.06000,2.23000,2.31000,2.32000,9436.00000
0.71000,-0.00000,-0.01000,2.23000,2.42000,2.32000,2.33000,1320.00000
0.72000,-0.00000,-0.01000,2.29000,2.12000,2.33000,2.32000,-6768.00000
0.72000,-0.00000,-0.00000,2.26000,2.09000,2.33000,2.33000,-14912.00000
0.73000,-0.00000,-0.00000,2.31000,2.23000,2.31000,2.32000,-23036.00000
0.73000,-0.00000,0.00000,2.29000,2.17000,2.30000,2.32000,-31176.00000
0.74000,-0.00000,-0.00000,2.12000,2.26000,2.29000,2.32000,26236.00000
0.74000,-0.00000,-0.00000,2.17000,2.23000,2.31000,2.32000,18088.00000
0.75000,-0.00000,-0.00000,2.15000,2.15000,2.31000,2.32000,9968.00000
0.75000,-0.00000,-0.00000,2.37000,2.40000,2.31000,2.32000,1900.00000
0.76000,-0.00000,-0.00000,2.29000,2.34000,2.31000,2.32000,-6188.00000
0.77000,-0.00000,-0.01000,2.34000,2.43000,2.31000,2.32000,-14320.00000
0.77000,-0.00000,-0.01000,2.56000,2.59000,2.32000,2.33000,-22480.00000
0.78000,-0.00000,-0.01000,2.54000,2.54000,2.32000,2.33000,-30640.00000
0.78000,-0.00000,-0.01000,2.45000,2.76000,2.32000,2.33000,26732.00000
0.79000,-0.00000,-0.01000,2.54000,2.56000,2.32000,2.31000,18600.00000
0.80000,-0.00000,-0.01000,2.37000,2.40000,2.32000,2.31000,10444.00000
0.80000,-0.00000,-0.02000,2.23000,2.31000,2.32000,2.31000,2288.00000
0.81000,-0.00000,-0.02000,2.09000,2.40000,2.32000,2.30000,-5792.00000
0.81000,-0.00000,-0.03000,1.87000,2.15000,2.31000,2.27000,-13884.00000
0.82000,-0.00000,-0.03000,2.31000,2.26000,2.29000,2.24000,-22036.00000
0.82000,-0.00000,-0.02000,2.31000,2.23000,2.29000,2.24000,-30160.00000
0.83000,-0.00000,-0.02000,2.40000,2.12000,2.30000,2.25000,27212.00000
0.83000,-0.00000,-0.02000,2.43000,2.29000,2.31000,2.27000,19040.00000
0.84000,-0.00000,-0.02000,2.23000,2.23000,2.31000,2.28000,10920.00000
0.84000,-0.00000,-0.02000,2.20000,2.15000,2.31000,2.28000,2788.00000
0.85000,-0.00000,-0.01000,2.31000,2.23000,2.31000,2.29000,-5288.00000
0.85000,-0.00000,-0.01000,2.20000,2.01000,2.32000,2.29000,-13416.00000
0.86000,-0.00000,-0.01000,2.31000,2.31000,2.32000,2.31000,-21560.00000
0.86000,-0.00000,-0.01000,2.31000,2.12000,2.32000,2.31000,-29676.00000
0.87000,-0.00000,-0.00000,2.40000,2.17000,2.33000,2.32000,27692.00000
0.88000,-0.00000,0.00000,2.48000,2.40000,2.32000,2.33000,19540.00000
0.88000,-0.00000,0.00000,2.54000,2.31000,2.31000,2.32000,11408.00000
0.89000,-0.00000,0.01000,2.48000,2.42000,2.29000,2.32000,3272.00000
0.89000,-0.00000,0.00000,2.42000,2.54000,2.29000,2.31000,-4852.00000
0.90000,-0.00000,0.00000,2.43000,2.40000,2.29000,2.32000,-12956.00000
0.90000,-0.00000,0.00000,2.34000,2.40000,2.29000,2.31000,-21100.00000
0.91000,-0.00000,-0.00000,2.26000,2.48000,2.29000,2.32000,-29216.00000
0.92000,-0.00000,0.00000,2.31000,2.20000,2.31000,2.32000,28172.00000
0.92000,-0.00000,0.00000,2.26000,2.29000,2.30000,2.32000,20040.00000
0.93000,-0.00000,-0.00000,2.23000,2.26000,2.30000,2.32000,11916.00000
0.93000,-0.00000,0.00000,2.03000,1.95000,2.30000,2.32000,3788.00000
0.94000,-0.00000,-0.00000,1.98000,2.09000,2.29000,2.31000,-4288.00000
0.94000,-0.00000,0.00000,2.15000,1.98000,2.30000,2.32000,-12348.00000
0.95000,-0.00000,0.00000,2.03000,2.09000,2.28000,2.31000,-20472.00000
0.95000,-0.00000,0.00000,2.23000,2.20000,2.28000,2.31000,-28576.00000
0.96000,-0.00000,0.00000,2.29000,2.26000,2.27000,2.30000,28824.00000
0.96000,-0.00000,0.00000,2.37000,2.48000,-0.54000,0.54000,20684.00000
0.97000,-0.00000,-0.01000,0.98000,1.73000,-0.55000,0.55000,12520.00000
0.97000,-0.00000,-0.04000,0.00000,1.26000,-0.57000,0.57000,4472.00000
0.97000,-0.00000,-0.05000,0.00000,0.36000,-0.58000,0.58000,-3472.00000
0.97000,-0.00000,-0.05000,0.00000,0.00000,-0.58000,0.58000,-11384.00000
0.97000,-0.00000,-0.05000,0.00000,0.00000,-0.58000,0.58000,-19176.00000
0.97000,-0.00000,-0.05000,0.00000,0.14000,-0.58000,0.58000,-26976.00000
0.97000,-0.00000,-0.05000,0.00000,0.00000,-0.58000,0.58000,30600.00000
0.97000,-0.00000,-0.05000,0.00000,0.00000,-0.58000,0.58000,22800.00000
0.97000,-0.00000,-0.05000,0.00000,0.00000,-0.58000,0.58000,15008.00000
0.97000,-0.00000,-0.05000,0.00000,0.00000,-0.58000,0.58000,7216.00000
0.97000,-0.00000,-0.05000,0.00000,0.00000,-0.58000,0.58000,-532.00000
0.97000,-0.00000,-0.05000,0.00000,0.00000,-0.58000,0.58000,-8244.00000
0.97000,-0.00000,-0.05000,0.03000,0.00000,-0.58000,0.58000,-16004.00000
0.97000,-0.00000,-0.05000,0.00000,0.00000,-0.58000,0.58000,-23956.00000
0.97000,-0.00000,-0.05000,0.00000,0.00000,-0.58000,0.58000,-31756.00000
0.97000,-0.00000,-0.05000,0.00000,0.00000,-0.58000,0.58000,25980.00000
0.97000,-0.00000,-0.05000,0.00000,0.00000,-0.58000,0.58000,18184.00000
0.97000,-0.00000,-0.05000,0.00000,0.00000,-0.58000,0.58000,10396.00000
0.97000,-0.00000,-0.05000,0.00000,0.00000,-0.58000,0.58000,2604.00000
0.97000,-0.00000,-0.05000,0.00000,0.00000,-0.58000,0.58000,-5144.00000
0.97000,-0.00000,-0.05000,0.00000,0.00000,-0.58000,0.58000,-12900.00000
0.97000,-0.00000,-0.05000,0.00000,0.03000,-0.58000,0.58000,-20704.00000
0.97000,-0.00000,-0.05000,0.00000,0.00000,-0.58000,0.58000,-28648.00000
0.97000,-0.00000,-0.05000,0.00000,0.00000,-0.58000,0.58000,29088.00000
0.97000,-0.00000,-0.06000,0.00000,0.33000,-0.58000,0.58000,21296.00000
0.97000,-0.00000,-0.08000,0.00000,1.48000,-0.59000,0.59000,13348.00000
0.97000,-0.00000,-0.13000,0.00000,2.26000,-0.60000,0.60000,5360.00000
0.98000,-0.00000,-0.18000,0.00000,2.76000,-0.61000,0.60000,-2620.00000
0.98000,-0.00000,-0.23000,0.00000,2.54000,-0.62000,0.58000,-10608.00000
0.98000,-0.01000,-0.27000,0.00000,2.06000,-0.69000,0.44000,-18652.00000
0.98000,-0.01000,-0.30000,0.00000,1.45000,-0.85000,0.11000,-26660.00000
0.98000,-0.01000,-0.32000,0.00000,0.92000,-1.04000,-0.28000,30832.00000
0.98000,-0.01000,-0.32000,0.00000,0.17000,-1.20000,-0.57000,22856.00000
0.98000,-0.01000,-0.32000,0.00000,0.00000,-1.24000,-0.63000,14888.00000
0.98000,-0.01000,-0.32000,0.00000,0.00000,-1.24000,-0.63000,7080.00000
0.98000,-0.01000,-0.32000,0.00000,0.03000,-1.24000,-0.63000,-696.00000
0.98000,-0.01000,-0.32000,0.00000,0.00000,-1.24000,-0.64000,-8560.00000
0.98000,-0.01000,-0.32000,0.00000,0.00000,-1.24000,-0.64000,-16344.00000
0.98000,-0.01000,-0.32000,-0.03000,0.00000,-1.24000,-0.64000,-24160.00000
0.98000,-0.01000,-0.32000,0.00000,0.00000,-1.25000,-0.64000,-32128.00000
0.98000,-0.01000,-0.32000,0.00000,0.00000,-1.25000,-0.64000,25588.00000
0.98000,-0.01000,-0.32000,0.00000,0.00000,-1.25000,-0.64000,17764.00000
0.98000,-0.01000,-0.32000,0.00000,0.00000,-1.25000,-0.64000,9960.00000
0.98000,-0.01000,-0.32000,0.00000,0.00000,-1.25000,-0.64000,2184.00000
0.98000,-0.01000,-0.32000,0.00000,0.00000,-1.25000,-0.64000,-5580.00000
0.98000,-0.01000,-0.32000,0.00000,0.00000,-1.25000,-0.64000,-13364.00000
0.98000,-0.01000,-0.32000,0.00000,0.00000,-1.25000,-0.64000,-21192.00000
0.98000,-0.01000,-0.32000,0.00000,0.00000,-1.25000,-0.64000,-29008.00000
0.98000,-0.01000,-0.32000,-0.03000,0.00000,-1.25000,-0.64000,28716.00000
0.98000,-0.01000,-0.32000,0.00000,0.00000,-1.25000,-0.65000,20740.00000
0.98000,-0.01000,-0.32000,0.00000,0.00000,-1.25000,-0.65000,12932.00000
0.98000,-0.01000,-0.32000,0.00000,0.00000,-1.25000,-0.65000,5116.00000
0.98000,-0.01000,-0.32000,-0.03000,0.00000,-1.25000,-0.65000,-2652.00000
0.98000,-0.01000,-0.33000,-0.56000,0.00000,-1.25000,-0.66000,-10572.00000
0.98000,-0.01000,-0.33000,-0.08000,0.00000,-1.34000,-0.81000,-18544.00000
0.98000,-0.01000,-0.34000,-0.39000,0.00000,-1.36000,-0.83000,-26536.00000
0.98000,-0.01000,-0.34000,-0.14000,0.00000,-1.42000,-0.93000,30980.00000
0.98000,-0.01000,-0.35000,-0.08000,0.00000,-1.45000,-0.97000,23016.00000
0.98000,-0.01000,-0.36000,-0.53000,0.00000,-1.46000,-0.99000,15044.00000
0.98000,-0.01000,-0.38000,-1.20000,0.00000,-1.55000,-1.13000,7048.00000
0.98000,-0.00000,-0.42000,-2.01000,0.00000,-1.76000,-1.41000,-924.00000
0.98000,-0.00000,-0.47000,-2.45000,0.00000,-2.06000,-1.80000,-8856.00000
0.97000,-0.00000,-0.52000,-2.73000,0.00000,-2.32000,-2.12000,-16872.00000
0.97000,0.00000,-0.57000,-2.90000,-0.03000,-2.16000,-2.35000,-24932.00000
0.97000,0.00000,-0.63000,-2.73000,0.00000,-1.76000,-2.03000,32484.00000
0.96000,0.00000,-0.68000,-2.54000,0.00000,-1.10000,-1.53000,24436.00000
0.96000,0.01000,-0.72000,-2.06000,0.00000,-0.29000,-1.05000,16372.00000
0.96000,0.01000,-0.75000,-1.51000,0.00000,0.23000,-0.79000,8372.00000
0.96000,0.01000,-0.76000,-0.67000,0.00000,0.45000,-0.68000,372.00000
0.96000,0.01000,-0.76000,0.00000,0.00000,0.51000,-0.66000,-7492.00000
0.96000,0.01000,-0.76000,0.00000,0.00000,0.51000,-0.66000,-15272.00000
0.96000,0.01000,-0.76000,0.00000,0.00000,0.51000,-0.66000,-23088.00000
0.96000,0.01000,-0.76000,0.00000,0.00000,0.51000,-0.66000,-30904.00000
0.96000,0.01000,-0.76000,0.00000,0.00000,0.51000,-0.66000,26808.00000
0.96000,0.01000,-0.76000,0.00000,0.00000,0.51000,-0.66000,19008.00000
0.96000,0.01000,-0.76000,0.00000,0.00000,0.51000,-0.66000,11180.00000
0.96000,0.01000,-0.76000,0.00000,0.00000,0.51000,-0.66000,3360.00000
0.96000,0.01000,-0.76000,0.00000,0.00000,0.51000,-0.66000,-4396.00000
0.96000,0.01000,-0.76000,0.00000,0.00000,0.51000,-0.66000,-12176.00000
0.96000,0.01000,-0.76000,0.00000,0.00000,0.51000,-0.66000,-19996.00000
0.96000,0.01000,-0.76000,0.00000,0.00000,0.51000,-0.66000,-27808.00000
0.96000,0.01000,-0.76000,0.00000,0.00000,0.51000,-0.66000,29900.00000
0.96000,0.01000,-0.76000,0.00000,0.00000,0.51000,-0.66000,22096.00000
0.96000,0.01000,-0.76000,0.00000,0.00000,0.51000,-0.66000,14272.00000
0.96000,0.01000,-0.76000,-0.03000,0.00000,0.51000,-0.66000,6456.00000
0.96000,0.01000,-0.76000,0.00000,0.00000,0.51000,-0.66000,-1456.00000
0.96000,0.01000,-0.76000,0.00000,0.00000,0.51000,-0.66000,-9220.00000
0.96000,0.01000,-0.76000,0.00000,0.00000,0.51000,-0.66000,-16988.00000
0.96000,0.01000,-0.76000,0.00000,0.00000,0.51000,-0.66000,-24792.00000
0.96000,0.01000,-0.76000,0.00000,0.00000,0.51000,-0.66000,-32620.00000
0.96000,0.01000,-0.76000,0.00000,0.00000,0.51000,-0.66000,25108.00000
0.96000,0.01000,-0.76000,0.00000,0.00000,0.51000,-0.66000,17292.00000
0.96000,0.01000,-0.76000,0.00000,0.00000,0.51000,-0.66000,9476.00000
0.96000,0.01000,-0.76000,0.00000,0.00000,0.51000,-0.66000,1724.00000
0.96000,0.01000,-0.76000,0.00000,0.00000,0.51000,-0.66000,-6048.00000
0.96000,0.01000,-0.76000,0.00000,0.00000,0.51000,-0.66000,-13812.00000
0.96000,0.01000,-0.76000,0.00000,0.00000,0.51000,-0.66000,-21628.00000
0.96000,0.01000,-0.76000,0.00000,0.00000,0.51000,-0.66000,-29440.00000
0.96000,0.01000,-0.76000,0.00000,-0.03000,0.51000,-0.66000,28284.00000
0.96000,0.01000,-0.76000,0.00000,0.00000,0.51000,-0.66000,20300.00000
0.96000,0.01000,-0.76000,0.00000,0.00000,0.51000,-0.66000,12488.00000
0.96000,0.01000,-0.76000,0.00000,0.00000,0.51000,-0.66000,4680.00000
0.96000,0.01000,-0.76000,0.00000,0.00000,0.51000,-0.66000,-3080.00000
0.96000,0.01000,-0.76000,0.00000,0.00000,0.51000,-0.66000,-10848.00000
0.96000,0.01000,-0.76000,0.00000,0.00000,0.51000,-0.66000,-18656.00000
0.96000,0.01000,-0.76000,0.00000,0.00000,0.51000,-0.66000,-26480.00000
0.96000,0.01000,-0.76000,0.00000,0.00000,0.51000,-0.66000,31248.00000
0.96000,0.01000,-0.76000,0.00000,0.00000,0.51000,-0.66000,23432.00000
0.96000,0.01000,-0.76000,0.00000,0.00000,0.51000,-0.66000,15616.00000
0.96000,0.01000,-0.76000,0.00000,0.00000,0.51000,-0.66000,7804.00000
0.96000,0.01000,-0.76000,0.00000,-0.03000,0.51000,-0.66000,40.00000
0.96000,0.01000,-0.76000,0.00000,0.00000,0.50000,-0.66000,-7780.00000
0.96000,0.01000,-0.75000,0.00000,-0.50000,0.50000,-0.66000,-15492.00000
0.96000,0.01000,-0.71000,0.00000,-2.01000,0.48000,-0.67000,-23548.00000
0.96000,0.01000,-0.68000,0.00000,-1.48000,0.32000,-0.74000,-31584.00000
0.96000,0.01000,-0.64000,0.00000,-1.87000,0.12000,-0.84000,25952.00000
0.95000,0.01000,-0.61000,0.00000,-2.01000,-0.23000,-1.02000,17920.00000
0.95000,0.01000,-0.57000,0.00000,-1.90000,-0.72000,-1.29000,9884.00000
0.95000,0.02000,-0.54000,0.00000,-1.39000,-1.18000,-1.59000,1896.00000
0.95000,0.02000,-0.51000,0.00000,-1.59000,-1.49000,-1.82000,-6096.00000
0.95000,0.02000,-0.48000,0.00000,-1.42000,-1.78000,-2.05000,-14080.00000
0.95000,0.02000,-0.45000,0.00000,-1.92000,-1.98000,-2.22000,-22136.00000
0.94000,0.02000,-0.40000,0.00000,-2.17000,-2.18000,-2.37000,-30172.00000
0.94000,0.02000,-0.35000,0.00000,-2.65000,-2.34000,-2.14000,27304.00000
0.94000,0.02000,-0.30000,0.00000,-2.56000,-2.04000,-1.77000,19276.00000
0.93000,0.02000,-0.25000,0.00000,-2.62000,-1.56000,-1.14000,11212.00000
0.93000,0.02000,-0.21000,0.00000,-2.37000,-1.03000,-0.26000,3148.00000
0.93000,0.02000,-0.17000,0.00000,-1.92000,-0.74000,0.34000,-4828.00000
0.93000,0.02000,-0.15000,0.00000,-0.86000,-0.65000,0.51000,-12844.00000
0.93000,0.02000,-0.15000,0.00000,0.00000,-0.63000,0.55000,-20812.00000
0.93000,0.02000,-0.15000,0.00000,0.00000,-0.63000,0.55000,-28608.00000
0.93000,0.02000,-0.15000,0.00000,-0.03000,-0.63000,0.55000,29124.00000
0.93000,0.02000,-0.15000,0.00000,0.00000,-0.63000,0.56000,21172.00000
0.93000,0.02000,-0.15000,0.00000,0.00000,-0.63000,0.56000,13364.00000
0.93000,0.02000,-0.15000,0.00000,0.00000,-0.63000,0.56000,5564.00000
0.93000,0.02000,-0.15000,-0.03000,0.00000,-0.63000,0.56000,-2188.00000
0.93000,0.02000,-0.15000,0.00000,0.00000,-0.63000,0.56000,-10116.00000
0.93000,0.02000,-0.15000,0.00000,0.00000,-0.63000,0.56000,-17924.00000
0.93000,0.02000,-0.15000,0.00000,0.00000,-0.63000,0.56000,-25732.00000
0.93000,0.02000,-0.15000,-0.03000,0.00000,-0.63000,0.56000,31984.00000
0.93000,0.02000,-0.16000,-0.25000,0.00000,-0.63000,0.55000,24032.00000
0.93000,0.02000,-0.16000,0.00000,0.00000,-0.64000,0.55000,16072.00000
0.93000,0.02000,-0.16000,-0.03000,0.00000,-0.64000,0.55000,8268.00000
0.93000,0.02000,-0.16000,0.00000,0.00000,-0.64000,0.55000,364.00000
0.93000,0.02000,-0.16000,0.00000,0.00000,-0.64000,0.55000,-7344.00000
0.93000,0.02000,-0.16000,0.00000,0.00000,-0.64000,0.55000,-15112.00000
0.93000,0.02000,-0.16000,-0.06000,0.00000,-0.64000,0.55000,-22900.00000
0.93000,0.02000,-0.16000,-0.22000,0.00000,-0.64000,0.54000,-30888.00000
0.93000,0.02000,-0.16000,-0.06000,0.00000,-0.64000,0.54000,26676.00000
0.93000,0.02000,-0.17000,-0.33000,0.00000,-0.64000,0.53000,18724.00000
0.93000,0.02000,-0.19000,-1.00000,0.00000,-0.65000,0.52000,10760.00000
0.92000,0.02000,-0.23000,-1.78000,0.00000,-0.68000,0.46000,2780.00000
0.92000,0.02000,-0.25000,-1.53000,0.00000,-0.76000,0.28000,-5188.00000
0.92000,0.03000,-0.29000,-1.67000,0.00000,-0.89000,0.02000,-13172.00000
0.92000,0.03000,-0.31000,-1.00000,0.00000,-1.09000,-0.37000,-21184.00000
0.92000,0.03000,-0.31000,-0.42000,0.00000,-1.24000,-0.64000,-29196.00000
0.92000,0.03000,-0.32000,-0.25000,0.00000,-1.31000,-0.76000,28340.00000
0.92000,0.03000,-0.33000,-0.33000,0.00000,-1.36000,-0.83000,20368.00000
0.92000,0.03000,-0.35000,-1.25000,0.00000,-1.41000,-0.92000,12388.00000
0.91000,0.03000,-0.38000,-1.59000,0.00000,-1.63000,-1.25000,4348.00000
0.91000,0.03000,-0.42000,-1.95000,-0.03000,-1.91000,-1.60000,-3632.00000
0.91000,0.03000,-0.46000,-1.92000,-0.03000,-2.17000,-1.93000,-11692.00000
0.91000,0.03000,-0.49000,-2.23000,-0.47000,-2.35000,-2.15000,-19768.00000
0.90000,0.03000,-0.51000,-1.92000,-0.78000,-2.21000,-2.39000,-27944.00000
0.90000,0.03000,-0.52000,-2.20000,-1.87000,-2.10000,-2.31000,29480.00000
0.90000,0.04000,-0.52000,-2.03000,-1.92000,-2.06000,-2.28000,21332.00000
0.89000,0.04000,-0.52000,-2.54000,-2.29000,-2.04000,-2.26000,13152.00000
0.89000,0.04000,-0.54000,-2.68000,-1.70000,-1.99000,-2.22000,5000.00000
0.88000,0.04000,-0.55000,-2.51000,-1.95000,-1.82000,-2.09000,-3148.00000
0.88000,0.05000,-0.58000,-2.34000,-1.20000,-1.69000,-1.98000,-11260.00000
0.87000,0.05000,-0.59000,-2.40000,-1.56000,-1.41000,-1.76000,-19408.00000
0.87000,0.05000,-0.61000,-1.95000,-1.12000,-1.13000,-1.55000,-27528.00000
0.87000,0.05000,-0.62000,-1.51000,-0.92000,-0.83000,-1.35000,29840.00000
0.87000,0.06000,-0.62000,-1.06000,-1.20000,-0.59000,-1.21000,21716.00000
0.86000,0.06000,-0.61000,-0.92000,-1.12000,-0.56000,-1.20000,13628.00000
0.86000,0.06000,-0.62000,-0.95000,-0.75000,-0.55000,-1.19000,5532.00000
0.86000,0.06000,-0.61000,-0.20000,-0.70000,-0.44000,-1.13000,-2508.00000
0.86000,0.06000,-0.59000,0.00000,-0.81000,-0.55000,-1.19000,-10508.00000
0.86000,0.06000,-0.58000,-0.03000,-0.64000,-0.77000,-1.32000,-18532.00000
0.86000,0.06000,-0.59000,-0.25000,0.00000,-0.93000,-1.42000,-26580.00000
0.86000,0.06000,-0.59000,-0.03000,0.00000,-0.85000,-1.37000,30968.00000
0.86000,0.06000,-0.59000,0.00000,-0.03000,-0.84000,-1.36000,23000.00000
0.86000,0.06000,-0.58000,-0.25000,-0.28000,-0.84000,-1.37000,15032.00000
0.86000,0.06000,-0.59000,-0.17000,-0.03000,-0.84000,-1.36000,6996.00000
0.86000,0.06000,-0.60000,-1.34000,-0.67000,-0.79000,-1.33000,-996.00000
0.85000,0.06000,-0.61000,-2.12000,-1.78000,-0.53000,-1.18000,-9040.00000
0.85000,0.07000,-0.60000,-1.95000,-2.40000,-0.29000,-1.05000,-17180.00000
0.85000,0.07000,-0.58000,-1.73000,-2.48000,-0.24000,-1.02000,-25348.00000
0.84000,0.07000,-0.55000,-0.86000,-2.40000,-0.26000,-1.03000,32068.00000
0.84000,0.07000,-0.53000,-1.17000,-2.62000,-0.54000,-1.19000,23920.00000
0.84000,0.08000,-0.52000,-1.23000,-1.78000,-0.79000,-1.33000,15784.00000
0.83000,0.08000,-0.49000,-0.14000,-1.20000,-0.82000,-1.35000,7644.00000
0.83000,0.08000,-0.47000,0.00000,-1.17000,-1.06000,-1.50000,-372.00000
0.83000,0.08000,-0.44000,0.00000,-1.45000,-1.33000,-1.69000,-8304.00000
0.83000,0.08000,-0.42000,-0.03000,-1.31000,-1.62000,-1.92000,-16272.00000
0.83000,0.08000,-0.39000,-0.28000,-1.73000,-1.83000,-2.09000,-24348.00000
0.82000,0.08000,-0.37000,-1.09000,-2.17000,-2.02000,-2.25000,-32472.00000
0.82000,0.08000,-0.37000,-2.31000,-2.51000,-2.12000,-2.32000,24900.00000
0.81000,0.09000,-0.37000,-2.81000,-2.56000,-1.95000,-1.66000,16708.00000
0.81000,0.09000,-0.38000,-3.20000,-2.90000,-1.96000,-1.68000,8480.00000
0.80000,0.09000,-0.38000,-2.90000,-2.54000,-1.98000,-1.69000,312.00000
0.79000,0.09000,-0.38000,-2.48000,-2.51000,-2.01000,-1.73000,-7796.00000
0.79000,0.09000,-0.39000,-2.01000,-1.92000,-1.97000,-1.69000,-15900.00000
0.79000,0.10000,-0.38000,-1.67000,-1.92000,-1.96000,-1.67000,-24112.00000
0.78000,0.10000,-0.38000,-1.64000,-1.48000,-1.90000,-1.59000,-32220.00000
0.78000,0.10000,-0.39000,-1.90000,-1.67000,-1.90000,-1.60000,25172.00000
0.77000,0.10000,-0.40000,-1.95000,-1.56000,-1.91000,-1.61000,17056.00000
0.77000,0.10000,-0.40000,-2.23000,-1.84000,-1.95000,-1.66000,8896.00000
0.77000,0.10000,-0.41000,-2.40000,-1.95000,-1.98000,-1.70000,796.00000
0.76000,0.11000,-0.41000,-2.09000,-2.23000,-2.02000,-1.74000,-7296.00000
0.76000,0.11000,-0.41000,-2.23000,-2.01000,-1.97000,-1.68000,-15444.00000
0.75000,0.11000,-0.41000,-1.95000,-2.09000,-1.97000,-1.68000,-23612.00000
0.75000,0.11000,-0.42000,-1.90000,-1.64000,-1.91000,-1.60000,-31776.00000
0.74000,0.11000,-0.41000,-1.81000,-1.90000,-1.91000,-1.61000,25600.00000
0.74000,0.12000,-0.42000,-1.73000,-1.51000,-1.86000,-1.54000,17452.00000
0.74000,0.12000,-0.41000,-1.67000,-1.87000,-1.86000,-1.54000,9304.00000
0.73000,0.12000,-0.42000,-1.64000,-1.34000,-1.77000,-1.43000,1232.00000
0.73000,0.12000,-0.42000,-1.73000,-1.84000,-1.78000,-1.45000,-6880.00000
0.73000,0.12000,-0.42000,-1.87000,-1.64000,-1.70000,-1.34000,-15004.00000
0.72000,0.12000,-0.42000,-1.62000,-1.62000,-1.67000,-1.30000,-23132.00000
0.72000,0.13000,-0.43000,-1.70000,-1.56000,-1.61000,-1.21000,-31284.00000
0.72000,0.13000,-0.42000,-1.37000,-1.42000,-1.55000,-1.13000,26128.00000
0.71000,0.13000,-0.43000,-1.53000,-1.37000,-1.47000,-1.01000,17984.00000
0.71000,0.13000,-0.43000,-0.89000,-0.70000,-1.42000,-0.93000,9844.00000
0.71000,0.13000,-0.43000,-0.70000,-0.78000,-1.40000,-0.90000,1820.00000
0.71000,0.13000,-0.42000,-0.31000,-0.70000,-1.34000,-0.80000,-6232.00000
0.71000,0.13000,-0.43000,-1.25000,-0.89000,-1.24000,-0.63000,-14236.00000
0.70000,0.13000,-0.45000,-1.42000,-0.14000,-1.58000,-1.18000,-22388.00000
0.70000,0.13000,-0.48000,-1.45000,0.00000,-1.81000,-1.48000,-30464.00000
0.70000,0.13000,-0.51000,-1.56000,0.00000,-2.03000,-1.76000,27028.00000
0.70000,0.13000,-0.54000,-1.59000,0.00000,-2.23000,-2.00000,18996.00000
0.70000,0.14000,-0.58000,-2.15000,0.00000,-2.36000,-2.17000,10984.00000
0.69000,0.14000,-0.63000,-2.29000,-0.03000,-2.16000,-2.35000,2928.00000
0.69000,0.14000,-0.68000,-2.73000,0.00000,-1.87000,-2.12000,-5188.00000
0.69000,0.14000,-0.71000,-2.76000,-1.25000,-1.29000,-1.67000,-13184.00000
0.68000,0.15000,-0.70000,-2.54000,-2.98000,-0.82000,-1.35000,-21376.00000
0.68000,0.15000,-0.67000,-1.78000,-3.23000,-0.85000,-1.37000,-29612.00000
0.67000,0.15000,-0.62000,-1.11000,-3.82000,-1.17000,-1.58000,27756.00000
0.67000,0.16000,-0.60000,-1.76000,-2.98000,-1.72000,-2.00000,19552.00000
0.66000,0.16000,-0.58000,-2.12000,-3.07000,-1.90000,-2.15000,11352.00000
0.66000,0.16000,-0.57000,-1.70000,-2.34000,-2.01000,-2.24000,3148.00000
0.66000,0.17000,-0.56000,-1.70000,-2.23000,-2.08000,-2.29000,-4960.00000
0.65000,0.17000,-0.55000,-1.67000,-2.06000,-2.13000,-2.33000,-13096.00000
0.65000,0.17000,-0.53000,-1.78000,-2.59000,-2.16000,-2.35000,-21272.00000
0.64000,0.17000,-0.52000,-2.12000,-2.81000,-2.22000,-2.40000,-29420.00000
0.64000,0.18000,-0.50000,-1.89000,-3.01000,-2.40000,-2.23000,27916.00000
0.63000,0.18000,-0.48000,-2.15000,-2.90000,-2.33000,-2.13000,19692.00000
0.63000,0.18000,-0.47000,-2.29000,-2.84000,-2.25000,-2.03000,11500.00000
0.62000,0.19000,-0.47000,-2.17000,-2.51000,-2.17000,-1.93000,3316.00000
0.62000,0.19000,-0.47000,-2.29000,-2.12000,-2.10000,-1.84000,-4832.00000
0.61000,0.19000,-0.47000,-2.12000,-1.90000,-2.09000,-1.83000,-12960.00000
0.61000,0.19000,-0.48000,-2.17000,-1.76000,-2.08000,-1.82000,-21140.00000
0.61000,0.19000,-0.49000,-2.17000,-1.95000,-2.10000,-1.85000,-29312.00000
0.60000,0.20000,-0.49000,-2.01000,-1.70000,-2.09000,-1.83000,28020.00000
0.60000,0.20000,-0.50000,-2.29000,-1.95000,-2.09000,-1.83000,19872.00000
0.59000,0.20000,-0.50000,-2.03000,-1.84000,-2.09000,-1.83000,11764.00000
0.59000,0.20000,-0.51000,-2.01000,-1.84000,-1.96000,-1.67000,3584.00000
0.58000,0.21000,-0.50000,-1.84000,-1.92000,-1.97000,-1.68000,-4488.00000
0.58000,0.21000,-0.51000,-1.76000,-1.67000,-1.94000,-1.64000,-12624.00000
0.58000,0.21000,-0.50000,-1.87000,-1.90000,-1.93000,-1.64000,-20764.00000
0.57000,0.21000,-0.51000,-1.90000,-1.78000,-1.91000,-1.60000,-28920.00000
0.57000,0.21000,-0.51000,-2.03000,-1.89000,-1.90000,-1.60000,28476.00000
0.57000,0.22000,-0.51000,-1.78000,-1.76000,-1.90000,-1.60000,20288.00000
0.56000,0.22000,-0.51000,-1.95000,-1.90000,-1.88000,-1.57000,12140.00000
0.56000,0.22000,-0.51000,-1.64000,-1.59000,-1.86000,-1.55000,3972.00000
0.55000,0.22000,-0.52000,-1.84000,-1.67000,-1.85000,-1.53000,-4136.00000
0.55000,0.22000,-0.52000,-1.70000,-1.59000,-1.85000,-1.53000,-12268.00000
0.55000,0.23000,-0.52000,-1.90000,-1.67000,-1.84000,-1.52000,-20408.00000
0.54000,0.23000,-0.52000,-1.76000,-1.73000,-1.85000,-1.53000,-28584.00000
0.54000,0.23000,-0.53000,-2.06000,-1.73000,-1.82000,-1.50000,28796.00000
0.54000,0.23000,-0.53000,-1.73000,-1.87000,-1.85000,-1.53000,20632.00000
0.53000,0.23000,-0.54000,-2.15000,-1.62000,-1.79000,-1.45000,12464.00000
0.53000,0.24000,-0.55000,-2.04000,-1.59000,-1.84000,-1.52000,4288.00000
0.52000,0.24000,-0.56000,-2.20000,-1.56000,-1.88000,-1.57000,-3840.00000
0.52000,0.24000,-0.57000,-2.03000,-1.51000,-1.95000,-1.66000,-11916.00000
0.52000,0.24000,-0.58000,-1.98000,-1.14000,-2.00000,-1.72000,-20124.00000
0.51000,0.25000,-0.60000,-2.12000,-1.14000,-2.10000,-1.84000,-28208.00000
0.51000,0.25000,-0.61000,-1.92000,-1.39000,-2.20000,-1.96000,29144.00000
0.51000,0.25000,-0.62000,-2.17000,-1.59000,-2.24000,-2.02000,21008.00000
0.50000,0.25000,-0.63000,-2.06000,-1.76000,-2.29000,-2.07000,12868.00000
0.50000,0.26000,-0.64000,-2.34000,-2.01000,-2.30000,-2.09000,4660.00000
0.50000,0.26000,-0.64000,-2.51000,-2.20000,-2.32000,-2.11000,-3404.00000
0.49000,0.26000,-0.66000,-2.59000,-1.90000,-2.33000,-2.13000,-11568.00000
0.49000,0.27000,-0.66000,-2.62000,-2.29000,-2.37000,-2.18000,-19788.00000
0.48000,0.27000,-0.67000,-2.37000,-2.06000,-2.38000,-2.20000,-27908.00000
0.48000,0.27000,-0.66000,-1.98000,-2.26000,-2.40000,-2.22000,29408.00000
0.47000,0.28000,-0.66000,-2.31000,-2.42000,-2.21000,-2.39000,21256.00000
0.47000,0.28000,-0.66000,-2.01000,-2.29000,-2.22000,-2.39000,13072.00000
0.47000,0.28000,-0.65000,-2.09000,-2.51000,-2.24000,-2.41000,4860.00000
0.46000,0.29000,-0.64000,-2.15000,-2.48000,-2.40000,-2.23000,-3248.00000
0.46000,0.29000,-0.64000,-2.20000,-2.26000,-2.38000,-2.20000,-11412.00000
0.45000,0.29000,-0.64000,-2.59000,-2.48000,-2.38000,-2.20000,-19596.00000
0.45000,0.30000,-0.65000,-2.56000,-2.12000,-2.38000,-2.20000,-27724.00000
0.44000,0.30000,-0.65000,-2.40000,-2.40000,-2.40000,-2.23000,29572.00000
0.44000,0.30000,-0.66000,-2.70000,-2.42000,-2.40000,-2.23000,21440.00000
0.43000,0.31000,-0.66000,-2.51000,-2.26000,-2.24000,-2.41000,13292.00000
0.43000,0.31000,-0.66000,-2.23000,-2.34000,-2.23000,-2.40000,5060.00000
0.43000,0.31000,-0.66000,-2.31000,-2.45000,-2.23000,-2.40000,-3104.00000
0.42000,0.32000,-0.66000,-2.20000,-2.15000,-2.24000,-2.41000,-11192.00000
0.42000,0.32000,-0.66000,-2.26000,-2.26000,-2.24000,-2.41000,-19420.00000
0.41000,0.32000,-0.66000,-2.51000,-2.45000,-2.24000,-2.41000,-27592.00000
0.41000,0.33000,-0.66000,-2.15000,-2.09000,-2.23000,-2.40000,29784.00000
0.40000,0.33000,-0.66000,-2.17000,-2.43000,-2.23000,-2.40000,21572.00000
0.40000,0.33000,-0.65000,-2.29000,-2.31000,-2.24000,-2.41000,13420.00000
0.40000,0.34000,-0.65000,-2.03000,-2.09000,-2.24000,-2.41000,5224.00000
0.39000,0.34000,-0.65000,-2.20000,-2.29000,-2.41000,-2.25000,-2932.00000
0.39000,0.34000,-0.65000,-2.34000,-2.23000,-2.41000,-2.24000,-11048.00000
0.38000,0.35000,-0.66000,-2.37000,-2.31000,-2.25000,-2.41000,-19260.00000
0.38000,0.35000,-0.65000,-2.43000,-2.65000,-2.24000,-2.41000,-27436.00000
0.37000,0.35000,-0.65000,-2.23000,-2.34000,-2.41000,-2.24000,29928.00000
0.37000,0.36000,-0.65000,-2.40000,-2.37000,-2.40000,-2.23000,21708.00000
0.36000,0.36000,-0.65000,-2.65000,-2.37000,-2.40000,-2.23000,13540.00000
0.36000,0.36000,-0.66000,-2.37000,-2.17000,-2.29000,-2.08000,5380.00000
0.36000,0.37000,-0.66000,-2.43000,-2.45000,-2.30000,-2.09000,-2800.00000
0.35000,0.37000,-0.67000,-2.65000,-2.17000,-2.30000,-2.08000,-10924.00000
0.35000,0.37000,-0.68000,-2.29000,-1.78000,-2.33000,-2.13000,-19104.00000
0.34000,0.38000,-0.67000,-2.09000,-2.20000,-2.36000,-2.17000,-27316.00000
0.34000,0.38000,-0.68000,-2.20000,-1.95000,-2.35000,-2.16000,30068.00000
0.33000,0.38000,-0.68000,-2.20000,-2.15000,-2.36000,-2.18000,21896.00000
0.33000,0.39000,-0.69000,-2.59000,-2.01000,-2.37000,-2.18000,13724.00000
0.33000,0.39000,-0.70000,-2.54000,-1.95000,-2.40000,-2.22000,5548.00000
0.32000,0.39000,-0.71000,-2.40000,-2.09000,-2.23000,-2.40000,-2620.00000
0.32000,0.40000,-0.71000,-2.20000,-2.12000,-2.21000,-2.39000,-10744.00000
0.31000,0.40000,-0.70000,-2.15000,-2.48000,-2.20000,-2.38000,-18924.00000
0.31000,0.40000,-0.70000,-2.01000,-2.20000,-2.22000,-2.40000,-27084.00000
0.31000,0.41000,-0.70000,-2.26000,-2.48000,-2.24000,-2.41000,30240.00000
0.30000,0.41000,-0.69000,-2.01000,-2.51000,-2.41000,-2.24000,22100.00000
0.30000,0.41000,-0.68000,-2.34000,-2.51000,-2.39000,-2.21000,13908.00000
0.29000,0.42000,-0.68000,-2.48000,-2.51000,-2.37000,-2.19000,5716.00000
0.29000,0.42000,-0.68000,-2.56000,-2.45000,-2.37000,-2.18000,-2444.00000
0.28000,0.43000,-0.69000,-2.59000,-2.42000,-2.37000,-2.19000,-10584.00000
0.28000,0.43000,-0.69000,-2.56000,-2.34000,-2.38000,-2.20000,-18768.00000
0.27000,0.43000,-0.69000,-2.34000,-2.31000,-2.39000,-2.21000,-26936.00000
0.27000,0.44000,-0.70000,-2.37000,-2.06000,-2.39000,-2.21000,30396.00000
0.27000,0.44000,-0.70000,-2.48000,-2.26000,-2.40000,-2.23000,22200.00000
0.26000,0.44000,-0.71000,-2.15000,-1.73000,-2.41000,-2.24000,14076.00000
0.26000,0.45000,-0.71000,-2.26000,-2.20000,-2.22000,-2.40000,5880.00000
0.26000,0.45000,-0.71000,-2.20000,-2.09000,-2.22000,-2.39000,-2240.00000
0.25000,0.45000,-0.72000,-2.12000,-2.01000,-2.32000,-2.12000,-10404.00000
0.25000,0.46000,-0.72000,-2.29000,-2.20000,-2.33000,-2.12000,-18588.00000
0.24000,0.46000,-0.72000,-1.98000,-1.87000,-2.33000,-2.13000,-26764.00000
0.24000,0.46000,-0.72000,-2.17000,-2.15000,-2.33000,-2.13000,30560.00000
0.24000,0.47000,-0.72000,-2.42000,-2.23000,-2.33000,-2.13000,22420.00000
0.23000,0.47000,-0.73000,-2.26000,-2.15000,-2.34000,-2.15000,14200.00000
0.23000,0.47000,-0.72000,-2.40000,-2.56000,-2.35000,-2.15000,6004.00000
0.22000,0.48000,-0.73000,-2.31000,-2.09000,-2.33000,-2.13000,-2108.00000
0.22000,0.48000,-0.73000,-2.06000,-2.06000,-2.35000,-2.15000,-10280.00000
0.22000,0.48000,-0.73000,-2.31000,-2.20000,-2.34000,-2.15000,-18436.00000
0.21000,0.49000,-0.73000,-2.23000,-2.01000,-2.35000,-2.15000,-26596.00000
0.21000,0.49000,-0.74000,-2.45000,-2.37000,-2.36000,-2.17000,30716.00000
0.20000,0.50000,-0.74000,-2.68000,-2.37000,-2.36000,-2.17000,22544.00000
0.20000,0.50000,-0.75000,-2.65000,-2.48000,-2.38000,-2.20000,14344.00000
0.19000,0.50000,-0.74000,-2.56000,-2.65000,-2.39000,-2.21000,6156.00000
0.19000,0.51000,-0.75000,-2.34000,-2.17000,-2.38000,-2.20000,-2016.00000
0.19000,0.51000,-0.75000,-2.34000,-2.01000,-2.39000,-2.21000,-10156.00000
0.18000,0.51000,-0.76000,-2.20000,-1.73000,-2.40000,-2.23000,-18356.00000
0.18000,0.52000,-0.77000,-2.37000,-1.87000,-2.23000,-2.40000,-26520.00000
0.18000,0.52000,-0.78000,-2.42000,-1.90000,-2.19000,-2.38000,30840.00000
0.17000,0.53000,-0.79000,-2.37000,-2.23000,-2.14000,-2.34000,22644.00000
0.17000,0.53000,-0.78000,-2.31000,-2.37000,-2.12000,-2.32000,14452.00000
0.16000,0.53000,-0.78000,-1.98000,-2.03000,-2.11000,-2.32000,6292.00000
0.16000,0.54000,-0.78000,-2.26000,-2.20000,-2.11000,-2.31000,-1880.00000
0.16000,0.54000,-0.78000,-2.17000,-2.40000,-2.09000,-2.30000,-9992.00000
0.15000,0.54000,-0.77000,-2.06000,-2.34000,-2.09000,-2.30000,-18140.00000
0.15000,0.55000,-0.77000,-2.31000,-2.51000,-2.11000,-2.31000,-26304.00000
0.15000,0.55000,-0.76000,-2.12000,-2.42000,-2.11000,-2.31000,31032.00000
0.14000,0.56000,-0.76000,-2.09000,-2.29000,-2.12000,-2.32000,22800.00000
0.14000,0.56000,-0.76000,-2.15000,-2.40000,-2.30000,-2.09000,14620.00000
0.13000,0.56000,-0.75000,-2.17000,-2.23000,-2.28000,-2.06000,6484.00000
0.13000,0.57000,-0.76000,-2.37000,-2.17000,-2.26000,-2.05000,-1676.00000
0.13000,0.57000,-0.76000,-2.31000,-2.37000,-2.28000,-2.06000,-9832.00000
0.12000,0.57000,-0.76000,-2.48000,-2.17000,-2.27000,-2.05000,-17984.00000
0.12000,0.58000,-0.77000,-2.45000,-2.20000,-2.29000,-2.07000,-26180.00000
0.11000,0.58000,-0.77000,-2.09000,-1.95000,-2.30000,-2.10000,31172.00000
0.11000,0.58000,-0.77000,-2.12000,-1.92000,-2.31000,-2.10000,22988.00000
0.11000,0.59000,-0.77000,-1.87000,-2.03000,-2.32000,-2.12000,14856.00000
0.10000,0.59000,-0.77000,-2.04000,-1.87000,-2.31000,-2.10000,6676.00000
0.10000,0.60000,-0.77000,-2.26000,-2.26000,-2.31000,-2.11000,-1408.00000
0.10000,0.60000,-0.78000,-2.15000,-2.03000,-2.31000,-2.10000,-9516.00000
0.09000,0.60000,-0.78000,-2.40000,-2.23000,-2.31000,-2.11000,-17700.00000
0.09000,0.61000,-0.78000,-2.37000,-2.20000,-2.32000,-2.12000,-25808.00000
0.09000,0.61000,-0.79000,-2.03000,-1.95000,-2.33000,-2.13000,31496.00000
0.08000,0.61000,-0.78000,-2.34000,-2.40000,-2.33000,-2.13000,23332.00000
0.08000,0.62000,-0.78000,-1.95000,-1.92000,-2.32000,-2.12000,15180.00000
0.07000,0.62000,-0.79000,-2.17000,-2.09000,-2.32000,-2.12000,7000.00000
0.07000,0.62000,-0.79000,-2.03000,-1.90000,-2.32000,-2.12000,-1108.00000
0.07000,0.63000,-0.79000,-1.98000,-1.87000,-2.33000,-2.12000,-9248.00000
0.06000,0.63000,-0.79000,-2.26000,-2.20000,-2.33000,-2.13000,-17348.00000
0.06000,0.63000,-0.80000,-2.29000,-2.12000,-2.33000,-2.13000,-25528.00000
0.06000,0.64000,-0.80000,-2.73000,-2.51000,-2.33000,-2.13000,31804.00000
0.05000,0.64000,-0.81000,-2.79000,-2.37000,-2.34000,-2.15000,23636.00000
0.05000,0.65000,-0.81000,-2.48000,-2.29000,-2.36000,-2.18000,15408.00000
0.04000,0.65000,-0.81000,-2.45000,-2.37000,-2.37000,-2.19000,7216.00000
0.04000,0.66000,-0.81000,-2.54000,-2.51000,-2.37000,-2.19000,-948.00000
0.04000,0.66000,-0.82000,-2.20000,-1.90000,-2.37000,-2.18000,-9052.00000
0.03000,0.66000,-0.83000,-2.56000,-2.03000,-2.38000,-2.20000,-17148.00000
0.03000,0.67000,-0.84000,-2.62000,-1.95000,-2.41000,-2.24000,-25332.00000
